<TICKER>,<PER>,<DATE>,<TIME>,<OPEN>,<HIGH>,<LOW>,<CLOSE>,<VOL>
MFON,D,20121128,000000,650.1000000,650.1000000,620.1000000,630.0000000,6290
MFON,D,20121129,000000,630.0000000,639.0000000,609.7000000,630.0000000,9390
MFON,D,20121130,000000,643.0000000,750.0000000,633.0000000,655.0000000,114040
MFON,D,20121203,000000,700.0000000,730.0000000,645.0000000,660.0000000,8890
MFON,D,20121204,000000,669.8000000,689.6000000,655.0000000,655.5000000,18610
MFON,D,20121205,000000,664.9000000,684.9000000,655.7000000,672.0000000,19740
MFON,D,20121206,000000,670.0000000,685.2000000,666.7000000,681.0000000,19290
MFON,D,20121207,000000,700.9000000,730.0000000,677.3000000,679.1000000,30610
MFON,D,20121210,000000,680.0000000,689.0000000,676.0000000,679.7000000,4730
MFON,D,20121211,000000,679.7000000,698.9000000,675.0000000,695.0000000,21120
MFON,D,20121212,000000,703.0000000,719.0000000,681.0000000,692.3000000,8070
MFON,D,20121213,000000,692.3000000,692.4000000,680.0000000,688.6000000,9040
MFON,D,20121214,000000,688.1000000,729.0000000,665.3000000,723.2000000,19410
MFON,D,20121217,000000,725.9000000,782.9000000,725.9000000,742.4000000,14570
MFON,D,20121218,000000,744.9000000,890.0000000,738.0000000,738.0000000,36690
MFON,D,20121219,000000,745.0000000,760.0000000,742.2000000,750.0000000,10280
MFON,D,20121220,000000,743.6000000,756.0000000,737.3000000,740.0000000,9820
MFON,D,20121221,000000,739.9000000,739.9000000,702.0000000,721.5000000,17030
MFON,D,20121224,000000,722.9000000,731.8000000,711.2000000,724.7000000,7070
MFON,D,20121225,000000,728.9000000,728.9000000,715.2000000,723.8000000,1040
MFON,D,20121226,000000,719.0000000,731.8000000,715.5000000,727.0000000,3130
MFON,D,20121227,000000,724.1000000,732.0000000,715.5000000,725.3000000,8050
MFON,D,20121228,000000,731.7000000,731.9000000,722.1000000,723.0000000,2180
MFON,D,20130108,000000,741.9000000,755.0000000,727.3000000,748.0000000,10080
MFON,D,20130109,000000,753.5000000,758.0000000,750.3000000,756.8000000,3320
MFON,D,20130110,000000,758.0000000,766.8000000,747.9000000,760.0000000,17960
MFON,D,20130111,000000,767.9000000,770.1000000,750.1000000,754.9000000,15020
MFON,D,20130114,000000,750.1000000,760.0000000,750.0000000,755.1000000,9160
MFON,D,20130115,000000,752.5000000,763.0000000,752.5000000,755.2000000,3750
MFON,D,20130116,000000,758.4000000,776.0000000,757.3000000,768.3000000,9250
MFON,D,20130117,000000,772.9000000,819.9000000,772.0000000,803.0000000,18630
MFON,D,20130118,000000,802.0000000,807.0000000,781.0000000,790.0000000,45430
MFON,D,20130121,000000,791.9000000,799.8000000,787.0000000,798.0000000,4960
MFON,D,20130122,000000,794.2000000,799.3000000,790.7000000,792.4000000,6050
MFON,D,20130123,000000,797.4000000,815.0000000,797.4000000,810.0000000,33500
MFON,D,20130124,000000,800.0000000,827.8000000,799.8000000,822.3000000,7780
MFON,D,20130125,000000,822.5000000,854.9000000,813.5000000,818.0000000,24400
MFON,D,20130128,000000,818.0000000,824.0000000,813.0000000,813.2000000,6600
MFON,D,20130129,000000,813.2000000,813.2000000,804.5000000,805.1000000,4040
MFON,D,20130130,000000,807.1000000,812.4000000,801.2000000,806.2000000,6350
MFON,D,20130131,000000,803.3000000,818.0000000,794.1000000,811.8000000,7260
MFON,D,20130201,000000,811.8000000,849.9000000,805.9000000,830.0000000,20930
MFON,D,20130204,000000,838.5000000,851.0000000,825.3000000,847.0000000,51640
MFON,D,20130205,000000,845.1000000,852.4000000,840.0000000,845.0000000,20000
MFON,D,20130206,000000,850.7000000,850.7000000,845.0000000,850.0000000,7770
MFON,D,20130207,000000,840.0000000,847.5000000,830.3000000,847.5000000,8120
MFON,D,20130208,000000,849.8000000,862.0000000,838.8000000,846.3000000,12800
MFON,D,20130211,000000,846.3000000,853.1000000,838.9000000,848.4000000,4970
MFON,D,20130212,000000,848.4000000,849.0000000,845.0000000,845.5000000,1090
MFON,D,20130213,000000,848.0000000,856.0000000,840.5000000,848.5000000,3290
MFON,D,20130214,000000,844.3000000,849.9000000,832.9000000,833.6000000,3700
MFON,D,20130215,000000,828.6000000,835.2000000,822.0000000,829.6000000,7470
MFON,D,20130218,000000,830.1000000,830.1000000,819.7000000,825.1000000,4580
MFON,D,20130219,000000,824.0000000,831.2000000,817.9000000,829.4000000,5860
MFON,D,20130220,000000,825.2000000,840.0000000,822.1000000,824.0000000,3990
MFON,D,20130221,000000,816.1000000,829.6000000,804.8000000,811.9000000,4170
MFON,D,20130222,000000,805.1000000,829.0000000,805.1000000,825.0000000,5050
MFON,D,20130225,000000,826.3000000,828.0000000,815.1000000,820.0000000,1040
MFON,D,20130226,000000,818.0000000,818.0000000,809.0000000,815.4000000,2150
MFON,D,20130227,000000,815.0000000,840.0000000,811.5000000,834.4000000,8140
MFON,D,20130228,000000,845.0000000,874.3000000,842.6000000,864.0000000,24310
MFON,D,20130301,000000,863.7000000,924.5000000,857.0000000,893.6000000,28580
MFON,D,20130304,000000,900.0000000,900.4000000,852.8000000,857.3000000,5170
MFON,D,20130305,000000,860.0000000,875.0000000,852.7000000,866.0000000,4420
MFON,D,20130306,000000,879.9000000,896.9000000,867.3000000,895.0000000,3160
MFON,D,20130307,000000,898.0000000,914.9000000,893.2000000,910.3000000,2270
MFON,D,20130311,000000,926.7000000,954.8000000,916.1000000,943.5000000,18920
MFON,D,20130312,000000,950.0000000,979.0000000,940.1000000,944.8000000,11860
MFON,D,20130313,000000,959.8000000,959.8000000,906.0000000,923.0000000,17430
MFON,D,20130314,000000,923.1000000,951.0000000,923.0000000,934.8000000,9470
MFON,D,20130315,000000,946.0000000,966.7000000,930.1000000,951.4000000,13390
MFON,D,20130318,000000,951.0000000,957.7000000,925.3000000,955.0000000,5050
MFON,D,20130319,000000,946.9000000,959.2000000,915.1000000,918.8000000,11000
MFON,D,20130320,000000,916.0000000,934.4000000,890.0000000,934.4000000,3840
MFON,D,20130321,000000,940.9000000,940.9000000,910.8000000,914.0000000,7840
MFON,D,20130322,000000,910.2000000,910.8000000,887.2000000,895.2000000,5320
MFON,D,20130325,000000,901.6000000,921.5000000,883.0000000,907.0000000,10220
MFON,D,20130326,000000,913.3000000,931.0000000,899.4000000,929.9000000,17810
MFON,D,20130327,000000,927.3000000,968.8000000,925.2000000,954.7000000,19010
MFON,D,20130328,000000,955.0000000,965.8000000,941.1000000,963.4000000,3920
MFON,D,20130329,000000,963.3000000,994.0000000,947.2000000,962.0000000,6550
MFON,D,20130401,000000,965.0000000,985.0000000,960.0000000,968.4000000,4210
MFON,D,20130402,000000,972.0000000,972.3000000,953.0000000,961.0000000,6970
MFON,D,20130403,000000,952.1000000,965.0000000,950.6000000,957.4000000,3390
MFON,D,20130404,000000,951.1000000,960.4000000,942.7000000,943.0000000,13490
MFON,D,20130405,000000,953.9000000,958.0000000,840.5000000,870.0000000,44900
MFON,D,20130408,000000,857.5000000,880.0000000,855.0000000,868.7000000,11300
MFON,D,20130409,000000,877.4000000,925.0000000,871.0000000,906.6000000,11260
MFON,D,20130410,000000,900.2000000,925.0000000,900.2000000,915.4000000,7300
MFON,D,20130411,000000,920.2000000,922.0000000,862.9000000,905.0000000,5590
MFON,D,20130412,000000,902.1000000,935.9000000,902.0000000,925.5000000,2950
MFON,D,20130415,000000,924.9000000,925.5000000,900.1000000,900.1000000,4730
MFON,D,20130416,000000,900.2000000,900.2000000,878.8000000,880.6000000,10250
MFON,D,20130417,000000,888.6000000,897.2000000,875.0000000,888.2000000,4280
MFON,D,20130418,000000,904.9000000,904.9000000,881.5000000,900.0000000,2280
MFON,D,20130419,000000,900.0000000,905.9000000,880.7000000,883.0000000,2000
MFON,D,20130422,000000,891.0000000,931.2000000,891.0000000,907.2000000,11380
MFON,D,20130423,000000,915.9000000,925.0000000,894.0000000,894.0000000,4280
MFON,D,20130424,000000,893.1000000,915.0000000,892.5000000,905.0000000,1720
MFON,D,20130425,000000,921.8000000,921.8000000,881.2000000,895.0000000,4870
MFON,D,20130426,000000,889.3000000,920.0000000,889.3000000,920.0000000,5710
MFON,D,20130429,000000,913.2000000,944.7000000,900.0000000,935.0000000,11950
MFON,D,20130430,000000,923.8000000,950.5000000,921.7000000,949.3000000,2530
MFON,D,20130502,000000,951.0000000,982.0000000,951.0000000,963.4000000,6090
MFON,D,20130503,000000,954.4000000,986.9000000,954.4000000,961.0000000,1210
MFON,D,20130506,000000,969.4000000,970.0000000,954.8000000,954.8000000,500
MFON,D,20130507,000000,952.5000000,990.0000000,952.5000000,988.8000000,5180
MFON,D,20130508,000000,988.0000000,996.0000000,970.1000000,970.1000000,3110
MFON,D,20130510,000000,987.5000000,1006.8000000,970.0000000,989.3000000,2040
MFON,D,20130513,000000,990.7000000,1000.1000000,977.7000000,993.5000000,5410
MFON,D,20130514,000000,990.0000000,1087.1000000,990.0000000,1040.0000000,11940
MFON,D,20130515,000000,1059.2000000,1100.0000000,1028.7000000,1035.0000000,44480
MFON,D,20130516,000000,1030.0000000,1049.4000000,983.2000000,997.3000000,25710
MFON,D,20130517,000000,977.0000000,1050.0000000,977.0000000,1016.2000000,17670
MFON,D,20130520,000000,1045.3000000,1049.1000000,1019.0000000,1039.2000000,6070
MFON,D,20130521,000000,1038.9000000,1080.0000000,1018.0000000,1064.5000000,12030
MFON,D,20130522,000000,1017.0000000,1063.2000000,995.8000000,1053.1000000,17680
MFON,D,20130523,000000,1045.0000000,1070.4000000,1020.0000000,1027.0000000,14310
MFON,D,20130524,000000,1046.8000000,1050.0000000,1015.0000000,1026.8000000,7770
MFON,D,20130527,000000,1028.9000000,1028.9000000,1014.0000000,1023.6000000,330
MFON,D,20130528,000000,1030.0000000,1056.0000000,1030.0000000,1051.0000000,3710
MFON,D,20130529,000000,1053.9000000,1061.5000000,1040.5000000,1053.0000000,1450
MFON,D,20130530,000000,1045.0000000,1045.1000000,1008.4000000,1012.5000000,6200
MFON,D,20130531,000000,1032.6000000,1094.6000000,975.0000000,991.6000000,11320
MFON,D,20130603,000000,990.0000000,1004.6000000,930.1000000,992.5000000,5930
MFON,D,20130604,000000,1002.4000000,1039.9000000,980.0000000,1010.1000000,4200
MFON,D,20130605,000000,1022.2000000,1027.0000000,969.5000000,1003.4000000,3250
MFON,D,20130606,000000,990.1000000,1015.0000000,987.2000000,1003.1000000,740
MFON,D,20130607,000000,1013.1000000,1019.0000000,1007.1000000,1019.0000000,1980
MFON,D,20130610,000000,1019.0000000,1025.0000000,1003.6000000,1003.6000000,430
MFON,D,20130611,000000,996.0000000,996.0000000,940.5000000,951.3000000,12940
MFON,D,20130613,000000,950.0000000,988.0000000,933.4000000,966.0000000,8130
MFON,D,20130614,000000,983.9000000,1002.0000000,961.2000000,986.1000000,1310
MFON,D,20130617,000000,995.1000000,1032.0000000,994.0000000,1032.0000000,7760
MFON,D,20130618,000000,1029.0000000,1045.9000000,1004.0000000,1040.1000000,7310
MFON,D,20130619,000000,1040.0000000,1058.7000000,1017.0000000,1041.7000000,16170
MFON,D,20130620,000000,1020.6000000,1046.1000000,999.0000000,1000.4000000,15740
MFON,D,20130621,000000,1000.0000000,1028.9000000,980.0000000,997.0000000,14200
MFON,D,20130624,000000,1007.0000000,1024.0000000,983.0000000,990.6000000,1390
MFON,D,20130625,000000,1001.4000000,1002.5000000,972.2000000,986.9000000,4920
MFON,D,20130626,000000,996.8000000,1001.0000000,978.1000000,990.0000000,16720
MFON,D,20130627,000000,992.3000000,993.9000000,978.7000000,982.5000000,2520
MFON,D,20130628,000000,999.0000000,1025.0000000,983.0000000,1013.7000000,10190
MFON,D,20130701,000000,1004.5000000,1024.0000000,1003.3000000,1016.0000000,2370
MFON,D,20130702,000000,1043.2000000,1043.2000000,1015.5000000,1025.0000000,4140
MFON,D,20130703,000000,1016.0000000,1034.8000000,1007.9000000,1014.0000000,830
MFON,D,20130704,000000,1014.0000000,1018.7000000,1010.0000000,1012.5000000,2420
MFON,D,20130705,000000,1018.3000000,1050.0000000,1018.3000000,1050.0000000,8020
MFON,D,20130708,000000,1043.3000000,1050.0000000,1035.7000000,1038.4000000,3410
MFON,D,20130709,000000,1038.4000000,1059.7000000,1032.4000000,1047.1000000,320
MFON,D,20130710,000000,1050.0000000,1050.0000000,1036.5000000,1042.0000000,1200
MFON,D,20130711,000000,1036.7000000,1049.7000000,1036.7000000,1045.3000000,890
MFON,D,20130712,000000,1040.3000000,1081.0000000,1016.5000000,1075.2000000,4660
MFON,D,20130715,000000,1067.0000000,1111.2000000,1062.0000000,1102.0000000,6650
MFON,D,20130716,000000,1080.3000000,1200.0000000,1080.3000000,1106.6000000,6830
MFON,D,20130717,000000,1100.3000000,1124.7000000,1100.3000000,1106.9000000,1100
MFON,D,20130718,000000,1088.3000000,1121.5000000,1044.3000000,1081.7000000,1790
MFON,D,20130719,000000,1085.1000000,1115.0000000,1043.7000000,1063.0000000,6110
MFON,D,20130722,000000,1086.9000000,1086.9000000,1050.0000000,1054.9000000,1610
MFON,D,20130723,000000,1059.9000000,1075.0000000,1038.5000000,1075.0000000,10350
MFON,D,20130724,000000,1060.0000000,1069.9000000,1059.0000000,1059.0000000,6060
MFON,D,20130725,000000,1055.0000000,1067.3000000,1055.0000000,1066.0000000,5780
MFON,D,20130726,000000,1060.0000000,1062.7000000,1045.0000000,1058.7000000,4800
MFON,D,20130729,000000,1052.2000000,1059.0000000,1035.0000000,1035.0000000,3400
MFON,D,20130730,000000,1049.3000000,1050.4000000,1035.1000000,1040.0000000,6120
MFON,D,20130731,000000,1043.0000000,1053.7000000,1036.0000000,1044.0000000,3110
MFON,D,20130801,000000,1050.0000000,1052.3000000,1000.0000000,1031.2000000,4980
MFON,D,20130802,000000,1039.9000000,1048.0000000,1010.0000000,1012.0000000,5150
MFON,D,20130805,000000,1019.9000000,1030.9000000,1012.5000000,1030.9000000,2910
MFON,D,20130806,000000,1025.1000000,1031.3000000,1008.0000000,1020.5000000,2430
MFON,D,20130807,000000,1011.6000000,1027.1000000,1009.5000000,1027.0000000,1340
MFON,D,20130808,000000,1027.2000000,1085.6000000,1027.2000000,1065.0000000,10220
MFON,D,20130809,000000,1073.6000000,1080.8000000,1060.0000000,1073.9000000,3820
MFON,D,20130812,000000,1065.1000000,1095.0000000,1064.4000000,1077.8000000,2090
MFON,D,20130813,000000,1080.0000000,1119.9000000,1078.3000000,1110.4000000,8800
MFON,D,20130814,000000,1110.5000000,1116.2000000,1096.3000000,1099.0000000,1390
MFON,D,20130815,000000,1099.0000000,1119.8000000,1086.6000000,1104.1000000,4620
MFON,D,20130816,000000,1105.0000000,1105.0000000,1076.9000000,1097.2000000,1010
MFON,D,20130819,000000,1091.5000000,1100.0000000,1066.1000000,1090.5000000,1020
MFON,D,20130820,000000,1080.0000000,1095.0000000,1070.6000000,1091.7000000,3170
MFON,D,20130821,000000,1091.7000000,1102.5000000,1088.5000000,1093.6000000,2030
MFON,D,20130822,000000,1093.6000000,1102.5000000,1090.0000000,1091.3000000,2130
MFON,D,20130823,000000,1100.0000000,1100.0000000,1090.0000000,1094.0000000,160
MFON,D,20130826,000000,1093.8000000,1192.5000000,1093.8000000,1117.1000000,1920
MFON,D,20130827,000000,1117.1000000,1117.1000000,1085.0000000,1112.9000000,1660
MFON,D,20130828,000000,1112.9000000,1144.7000000,1085.0000000,1144.7000000,4850
MFON,D,20130829,000000,1186.4000000,1190.0000000,1104.0000000,1110.0000000,9080
MFON,D,20130830,000000,1111.2000000,1140.5000000,1104.0000000,1120.0000000,4800
MFON,D,20130902,000000,1129.0000000,1131.0000000,1119.8000000,1130.9000000,2410
MFON,D,20130903,000000,1120.0000000,1140.0000000,1109.3000000,1120.0000000,450
MFON,D,20130904,000000,1106.4000000,1128.9000000,1102.0000000,1125.0000000,11740
MFON,D,20130905,000000,1125.0000000,1188.1000000,1125.0000000,1160.0000000,5950
MFON,D,20130906,000000,1162.0000000,1176.9000000,1137.0000000,1167.0000000,550
MFON,D,20130909,000000,1179.5000000,1180.0000000,1159.4000000,1165.0000000,330
MFON,D,20130910,000000,1160.3000000,1175.1000000,1146.8000000,1146.8000000,3170
MFON,D,20130911,000000,1141.0000000,1165.0000000,1128.2000000,1140.0000000,2370
MFON,D,20130912,000000,1160.0000000,1167.0000000,1131.0000000,1142.1000000,3260
MFON,D,20130913,000000,1152.3000000,1158.0000000,1125.5000000,1125.5000000,4550
MFON,D,20130916,000000,1120.0000000,1140.9000000,1103.5000000,1126.0000000,8730
MFON,D,20130917,000000,1120.0000000,1152.0000000,1120.0000000,1147.5000000,14670
MFON,D,20130918,000000,1125.8000000,1200.0000000,1124.0000000,1185.0000000,19600
MFON,D,20130919,000000,1196.8000000,1200.0000000,1125.8000000,1178.0000000,29970
MFON,D,20130920,000000,1159.8000000,1185.0000000,1134.7000000,1148.3000000,12660
MFON,D,20130923,000000,1154.6000000,1169.1000000,1146.0000000,1150.1000000,7230
MFON,D,20130924,000000,1159.0000000,1171.0000000,1156.9000000,1166.3000000,9890
MFON,D,20130925,000000,1159.0000000,1170.0000000,1152.2000000,1168.0000000,6320
MFON,D,20130926,000000,1172.3000000,1199.9000000,1152.1000000,1156.4000000,17200
MFON,D,20130927,000000,1170.9000000,1174.0000000,1142.6000000,1149.2000000,11710
MFON,D,20130930,000000,1156.9000000,1173.1000000,1143.5000000,1146.2000000,3700
MFON,D,20131001,000000,1154.9000000,1164.0000000,1144.1000000,1157.8000000,5180
MFON,D,20131002,000000,1160.1000000,1169.3000000,1131.1000000,1131.1000000,9040
MFON,D,20131003,000000,1142.2000000,1191.8000000,1142.2000000,1175.8000000,13950
MFON,D,20131004,000000,1175.5000000,1220.5000000,1167.0000000,1195.9000000,9770
MFON,D,20131007,000000,1185.5000000,1201.8000000,1180.0000000,1180.0000000,5850
MFON,D,20131008,000000,1179.1000000,1230.1000000,1179.1000000,1227.5000000,28170
MFON,D,20131009,000000,1219.6000000,1240.0000000,1192.6000000,1219.9000000,17450
MFON,D,20131010,000000,1227.0000000,1239.0000000,1194.0000000,1203.9000000,27150
MFON,D,20131011,000000,1206.9000000,1208.8000000,1171.1000000,1189.9000000,29080
MFON,D,20131014,000000,1177.3000000,1201.3000000,1167.1000000,1201.3000000,15410
MFON,D,20131015,000000,1181.2000000,1237.4000000,1181.2000000,1210.0000000,22200
MFON,D,20131016,000000,1209.9000000,1219.7000000,1181.0000000,1188.0000000,26350
MFON,D,20131017,000000,1186.0000000,1186.1000000,1170.0000000,1172.0000000,19740
MFON,D,20131018,000000,1175.9000000,1200.0000000,1166.9000000,1183.0000000,30380
MFON,D,20131021,000000,1184.0000000,1213.9000000,1183.9000000,1200.0000000,9760
MFON,D,20131022,000000,1191.0000000,1229.0000000,1188.5000000,1210.0000000,12250
MFON,D,20131023,000000,1211.7000000,1229.0000000,1185.0000000,1189.0000000,9800
MFON,D,20131024,000000,1185.4000000,1207.9000000,1185.4000000,1204.5000000,5020
MFON,D,20131025,000000,1210.9000000,1224.0000000,1194.9000000,1196.0000000,3570
MFON,D,20131028,000000,1208.7000000,1237.0000000,1200.0000000,1203.8000000,5570
MFON,D,20131029,000000,1210.4000000,1220.0000000,1197.0000000,1203.9000000,7150
MFON,D,20131030,000000,1214.9000000,1214.9000000,1183.3000000,1201.3000000,12070
MFON,D,20131031,000000,1180.0000000,1187.9000000,1142.0000000,1156.3000000,19490
MFON,D,20131101,000000,1167.9000000,1182.1000000,1156.1000000,1178.8000000,9310
MFON,D,20131105,000000,1179.8000000,1183.0000000,1157.5000000,1163.0000000,5870
MFON,D,20131106,000000,1156.1000000,1169.0000000,1150.2000000,1164.5000000,11760
MFON,D,20131107,000000,1170.2000000,1185.0000000,1155.0000000,1175.6000000,7900
MFON,D,20131108,000000,1169.0000000,1169.0000000,1126.0000000,1141.4000000,20850
MFON,D,20131111,000000,1140.1000000,1160.2000000,1134.0000000,1140.4000000,3760
MFON,D,20131112,000000,1149.0000000,1169.4000000,1140.5000000,1168.9000000,16510
MFON,D,20131113,000000,1161.9000000,1169.5000000,1105.4000000,1118.6000000,28040
MFON,D,20131114,000000,1131.0000000,1149.1000000,1118.1000000,1128.3000000,23270
MFON,D,20131115,000000,1129.3000000,1135.0000000,1110.0000000,1112.5000000,12610
MFON,D,20131118,000000,1121.4000000,1134.7000000,1112.5000000,1133.1000000,9550
MFON,D,20131119,000000,1136.8000000,1149.0000000,1109.1000000,1114.7000000,22040
MFON,D,20131120,000000,1110.0000000,1120.0000000,1067.0000000,1076.1000000,28930
MFON,D,20131121,000000,1065.6000000,1091.5000000,1065.6000000,1083.6000000,6750
MFON,D,20131122,000000,1091.3000000,1096.9000000,1074.0000000,1082.8000000,20030
MFON,D,20131125,000000,1091.9000000,1119.1000000,1084.1000000,1084.1000000,27010
MFON,D,20131126,000000,1075.1000000,1092.8000000,1064.0000000,1082.6000000,17080
MFON,D,20131127,000000,1087.1000000,1099.6000000,1038.7000000,1038.7000000,16320
MFON,D,20131128,000000,1054.3000000,1090.0000000,1053.7000000,1077.0000000,11030
MFON,D,20131129,000000,1077.1000000,1077.1000000,1039.0000000,1066.4000000,18410
MFON,D,20131202,000000,1074.0000000,1082.1000000,1045.1000000,1045.1000000,9680
MFON,D,20131203,000000,1045.1000000,1064.0000000,1030.0000000,1030.1000000,22090
MFON,D,20131204,000000,1044.4000000,1084.0000000,1030.1000000,1033.0000000,20860
MFON,D,20131205,000000,1039.9000000,1062.4000000,1039.0000000,1042.9000000,5920
MFON,D,20131206,000000,1050.0000000,1070.0000000,1045.0000000,1070.0000000,10600
MFON,D,20131209,000000,1066.4000000,1091.9000000,1060.3000000,1073.0000000,7390
MFON,D,20131210,000000,1075.9000000,1088.8000000,1055.0000000,1065.0000000,10290
MFON,D,20131211,000000,1058.0000000,1081.9000000,1049.1000000,1077.0000000,16770
MFON,D,20131212,000000,1070.9000000,1126.7000000,1052.0000000,1110.0000000,26920
MFON,D,20131213,000000,1110.9000000,1137.7000000,1110.9000000,1122.1000000,12750
MFON,D,20131216,000000,1111.3000000,1156.1000000,1100.0000000,1127.5000000,53000
MFON,D,20131217,000000,1121.2000000,1145.0000000,1120.5000000,1137.5000000,9800
MFON,D,20131218,000000,1145.8000000,1146.6000000,1123.0000000,1140.4000000,8310
MFON,D,20131219,000000,1146.8000000,1179.0000000,1120.0000000,1120.0000000,17540
MFON,D,20131220,000000,1129.9000000,1142.2000000,1070.0000000,1070.0000000,26020
MFON,D,20131223,000000,1090.0000000,1120.0000000,1085.4000000,1111.0000000,30980
MFON,D,20131224,000000,1100.0000000,1104.2000000,1088.0000000,1094.0000000,5930
MFON,D,20131225,000000,1098.6000000,1114.9000000,1092.0000000,1106.0000000,9420
MFON,D,20131226,000000,1095.0000000,1126.2000000,1093.9000000,1119.5000000,6250
MFON,D,20131227,000000,1116.0000000,1130.1000000,1082.1000000,1093.2000000,20420
MFON,D,20131230,000000,1084.0000000,1110.8000000,1080.1000000,1107.4000000,8670
MFON,D,20140106,000000,1087.1000000,1099.9000000,1054.1000000,1071.9000000,16150
MFON,D,20140108,000000,1073.8000000,1075.5000000,1055.0000000,1061.3000000,6320
MFON,D,20140109,000000,1053.2000000,1063.0000000,1042.2000000,1049.8000000,17560
MFON,D,20140110,000000,1045.0000000,1087.7000000,1035.0000000,1079.9000000,15210
MFON,D,20140113,000000,1070.0000000,1095.4000000,1041.0000000,1041.0000000,28470
MFON,D,20140114,000000,1038.0000000,1055.0000000,1031.0000000,1046.6000000,27400
MFON,D,20140115,000000,1050.9000000,1068.1000000,1040.0000000,1048.7000000,39740
MFON,D,20140116,000000,1050.9000000,1065.0000000,1032.0000000,1032.1000000,22090
MFON,D,20140117,000000,1031.2000000,1050.0000000,1018.8000000,1040.3000000,30100
MFON,D,20140120,000000,1045.0000000,1055.0000000,1040.0000000,1047.0000000,9530
MFON,D,20140121,000000,1044.6000000,1068.0000000,1044.6000000,1064.0000000,17010
MFON,D,20140122,000000,1055.1000000,1067.0000000,1048.1000000,1058.7000000,13950
MFON,D,20140123,000000,1058.7000000,1080.1000000,1048.2000000,1050.0000000,24050
MFON,D,20140124,000000,1048.0000000,1055.2000000,1035.3000000,1044.8000000,15520
MFON,D,20140127,000000,1042.1000000,1057.9000000,1031.0000000,1044.0000000,17940
MFON,D,20140128,000000,1053.9000000,1054.5000000,1025.3000000,1044.0000000,14510
MFON,D,20140129,000000,1033.1000000,1075.5000000,1022.3000000,1046.0000000,34960
MFON,D,20140130,000000,1051.2000000,1053.0000000,1029.7000000,1038.1000000,19810
MFON,D,20140131,000000,1033.4000000,1058.7000000,1012.1000000,1040.7000000,29500
MFON,D,20140203,000000,1046.8000000,1059.9000000,1030.4000000,1045.9000000,9530
MFON,D,20140204,000000,1030.4000000,1065.0000000,1021.0000000,1065.0000000,14210
MFON,D,20140205,000000,1069.4000000,1085.0000000,1046.0000000,1077.5000000,18250
MFON,D,20140206,000000,1077.5000000,1095.0000000,1055.5000000,1091.3000000,18670
MFON,D,20140207,000000,1091.3000000,1098.0000000,1075.3000000,1096.9000000,27030
MFON,D,20140210,000000,1099.0000000,1109.0000000,1089.6000000,1104.0000000,8360
MFON,D,20140211,000000,1102.2000000,1102.2000000,1086.0000000,1095.0000000,10100
MFON,D,20140212,000000,1085.0000000,1109.0000000,1084.4000000,1099.1000000,10960
MFON,D,20140213,000000,1103.2000000,1103.2000000,1071.0000000,1080.3000000,23220
MFON,D,20140214,000000,1076.2000000,1105.0000000,1075.0000000,1093.6000000,15780
MFON,D,20140217,000000,1104.0000000,1118.0000000,1090.0000000,1096.9000000,8340
MFON,D,20140218,000000,1097.0000000,1111.8000000,1095.0000000,1110.0000000,18290
MFON,D,20140219,000000,1108.6000000,1135.0000000,1084.2000000,1104.4000000,39750
MFON,D,20140220,000000,1094.8000000,1097.5000000,1076.0000000,1086.3000000,14020
MFON,D,20140221,000000,1096.6000000,1120.1000000,1080.0000000,1099.2000000,7720
MFON,D,20140224,000000,1094.7000000,1119.3000000,1075.0000000,1081.0000000,11860
MFON,D,20140225,000000,1084.8000000,1087.6000000,1075.0000000,1083.9000000,23870
MFON,D,20140226,000000,1084.4000000,1088.9000000,1063.6000000,1068.8000000,11350
MFON,D,20140227,000000,1079.9000000,1079.9000000,1055.2000000,1065.0000000,10580
MFON,D,20140228,000000,1074.7000000,1074.7000000,1043.1000000,1053.0000000,13030
MFON,D,20140303,000000,950.0000000,992.6000000,910.0000000,910.0000000,35450
MFON,D,20140304,000000,931.2000000,965.0000000,931.1000000,953.1000000,22810
MFON,D,20140305,000000,968.0000000,970.0000000,935.3000000,962.4000000,24100
MFON,D,20140306,000000,962.5000000,998.0000000,952.0000000,978.0000000,35410
MFON,D,20140307,000000,977.7000000,999.8000000,975.4000000,981.3000000,5750
MFON,D,20140311,000000,976.8000000,978.7000000,950.0000000,959.3000000,8320
MFON,D,20140312,000000,950.1000000,969.0000000,920.0000000,920.1000000,8480
MFON,D,20140313,000000,920.5000000,928.3000000,855.3000000,890.2000000,16480
MFON,D,20140314,000000,870.3000000,900.9000000,811.2000000,896.0000000,43210
MFON,D,20140317,000000,877.9000000,1200.1000000,815.1000000,930.0000000,86860
MFON,D,20140318,000000,952.7000000,1014.9000000,927.8000000,985.8000000,49940
MFON,D,20140319,000000,990.1000000,999.9000000,939.0000000,962.0000000,38240
MFON,D,20140320,000000,958.0000000,959.5000000,938.0000000,946.0000000,12180
MFON,D,20140321,000000,910.9000000,940.0000000,910.9000000,915.1000000,46170
MFON,D,20140324,000000,920.0000000,949.7000000,912.9000000,930.6000000,14390
MFON,D,20140325,000000,930.0000000,970.0000000,925.0000000,967.0000000,17170
MFON,D,20140326,000000,962.9000000,1000.0000000,962.9000000,987.7000000,21110
MFON,D,20140327,000000,973.0000000,998.0000000,969.1000000,976.5000000,9280
MFON,D,20140328,000000,985.7000000,1018.0000000,975.2000000,1004.5000000,16460
MFON,D,20140331,000000,1017.0000000,1030.0000000,973.0000000,988.0000000,12900
MFON,D,20140401,000000,986.0000000,990.0000000,964.1000000,968.0000000,20000
MFON,D,20140402,000000,975.0000000,977.8000000,960.3000000,968.8000000,20200
MFON,D,20140403,000000,969.8000000,975.7000000,952.0000000,956.8000000,33260
MFON,D,20140404,000000,956.6000000,958.3000000,924.1000000,948.1000000,53610
MFON,D,20140407,000000,947.8000000,947.8000000,920.2000000,930.0000000,11820
MFON,D,20140408,000000,926.0000000,930.0000000,903.5000000,925.0000000,38210
MFON,D,20140409,000000,934.9000000,945.0000000,925.0000000,944.0000000,48180
MFON,D,20140410,000000,944.0000000,951.0000000,939.0000000,943.0000000,18650
MFON,D,20140411,000000,928.1000000,943.9000000,925.9000000,932.2000000,9100
MFON,D,20140414,000000,920.2000000,943.2000000,920.1000000,933.1000000,4240
MFON,D,20140415,000000,934.8000000,941.0000000,915.0000000,915.0000000,21470
MFON,D,20140416,000000,922.1000000,933.0000000,917.6000000,931.0000000,13620
MFON,D,20140417,000000,934.9000000,943.1000000,927.0000000,940.0000000,12570
MFON,D,20140418,000000,951.0000000,959.9000000,945.1000000,955.0000000,8610
MFON,D,20140421,000000,964.6000000,964.6000000,913.1000000,938.0000000,4610
MFON,D,20140422,000000,937.9000000,945.0000000,930.0000000,938.0000000,10390
MFON,D,20140423,000000,938.0000000,943.5000000,926.6000000,943.0000000,10580
MFON,D,20140424,000000,946.0000000,955.6000000,907.1000000,924.8000000,39390
MFON,D,20140425,000000,919.3000000,920.1000000,905.0000000,912.0000000,65250
MFON,D,20140428,000000,905.2000000,920.1000000,902.5000000,917.0000000,8630
MFON,D,20140429,000000,923.8000000,926.8000000,910.0000000,919.7000000,13440
MFON,D,20140430,000000,917.0000000,924.9000000,915.0000000,924.0000000,2050
MFON,D,20140502,000000,921.0000000,921.7000000,913.7000000,913.7000000,1060
MFON,D,20140505,000000,924.5000000,927.8000000,923.1000000,927.8000000,1020
MFON,D,20140506,000000,929.9000000,939.3000000,929.0000000,935.8000000,5940
MFON,D,20140507,000000,929.1000000,950.9000000,925.2000000,950.9000000,16690
MFON,D,20140508,000000,948.0000000,959.1000000,937.0000000,955.0000000,72110
MFON,D,20140512,000000,960.0000000,967.0000000,942.0000000,955.0000000,19790
MFON,D,20140513,000000,950.0000000,960.2000000,943.5000000,943.5000000,18400
MFON,D,20140514,000000,954.0000000,955.1000000,941.4000000,952.1000000,20680
MFON,D,20140515,000000,954.7000000,962.0000000,948.2000000,955.0000000,35440
MFON,D,20140516,000000,953.1000000,960.0000000,950.9000000,955.4000000,4470
MFON,D,20140519,000000,959.9000000,978.7000000,959.3000000,970.0000000,26360
MFON,D,20140520,000000,970.4000000,984.1000000,963.0000000,970.0000000,15210
MFON,D,20140521,000000,970.2000000,1001.6000000,970.0000000,1001.6000000,25630
MFON,D,20140522,000000,1007.3000000,1007.3000000,981.4000000,994.0000000,2720
MFON,D,20140523,000000,990.0000000,995.6000000,974.6000000,995.6000000,15750
MFON,D,20140526,000000,989.8000000,996.7000000,987.3000000,987.6000000,1580
MFON,D,20140527,000000,975.7000000,988.3000000,966.0000000,970.0000000,15820
MFON,D,20140528,000000,971.4000000,994.9000000,970.3000000,992.9000000,7200
MFON,D,20140529,000000,998.0000000,1025.5000000,985.0000000,1018.9000000,24480
MFON,D,20140530,000000,1015.8000000,1024.9000000,1010.0000000,1019.3000000,5830
MFON,D,20140602,000000,1019.9000000,1048.8000000,1019.4000000,1032.1000000,16810
MFON,D,20140603,000000,1032.8000000,1048.0000000,1020.4000000,1044.6000000,11510
MFON,D,20140604,000000,1043.0000000,1058.0000000,1034.7000000,1058.0000000,7640
MFON,D,20140605,000000,1045.3000000,1059.6000000,1033.0000000,1048.6000000,6340
MFON,D,20140606,000000,1048.9000000,1065.0000000,1035.6000000,1064.5000000,12200
MFON,D,20140609,000000,1048.0000000,1120.0000000,1048.0000000,1110.0000000,138870
MFON,D,20140610,000000,1048.0000000,1150.0000000,1040.0000000,1091.0000000,16440
MFON,D,20140611,000000,1098.9000000,1117.0000000,1069.9000000,1074.2000000,11770
MFON,D,20140616,000000,1058.9000000,1144.1000000,1036.1000000,1082.0000000,184390
MFON,D,20140617,000000,1092.9000000,1110.0000000,1061.2000000,1067.0000000,26390
MFON,D,20140618,000000,1065.0000000,1086.9000000,1061.5000000,1066.4000000,13320
MFON,D,20140619,000000,1074.8000000,1098.6000000,1065.1000000,1086.0000000,19490
MFON,D,20140620,000000,1081.5000000,1110.0000000,1072.0000000,1110.0000000,19940
MFON,D,20140623,000000,1100.4000000,1105.0000000,1066.5000000,1075.0000000,19430
MFON,D,20140624,000000,1078.1000000,1093.4000000,1072.2000000,1090.0000000,47120
MFON,D,20140625,000000,1084.3000000,1095.9000000,1075.0000000,1079.6000000,14330
MFON,D,20140626,000000,1086.7000000,1086.7000000,1066.6000000,1066.6000000,10040
MFON,D,20140627,000000,1069.5000000,1076.1000000,1067.3000000,1069.0000000,11640
MFON,D,20140630,000000,1073.3000000,1079.8000000,1050.0000000,1079.3000000,13390
MFON,D,20140701,000000,1074.0000000,1097.6000000,1069.4000000,1097.6000000,26140
MFON,D,20140702,000000,1097.6000000,1111.4000000,1083.8000000,1099.0000000,19010
MFON,D,20140703,000000,1098.7000000,1119.0000000,1098.7000000,1114.6000000,10680
MFON,D,20140704,000000,1115.8000000,1120.0000000,1105.1000000,1109.0000000,5410
MFON,D,20140707,000000,1120.9000000,1130.0000000,1114.2000000,1120.6000000,13850
MFON,D,20140708,000000,1122.0000000,1153.7000000,1119.3000000,1138.5000000,36470
MFON,D,20140709,000000,1139.2000000,1155.0000000,1101.0000000,1138.5000000,28570
MFON,D,20140710,000000,1074.4000000,1093.0000000,1032.3000000,1051.3000000,64830
MFON,D,20140711,000000,1055.0000000,1063.4000000,1035.0000000,1043.4000000,20940
MFON,D,20140714,000000,1042.3000000,1043.9000000,1020.1000000,1034.3000000,6870
MFON,D,20140715,000000,1027.0000000,1038.4000000,1010.0000000,1030.1000000,6930
MFON,D,20140716,000000,1035.0000000,1058.6000000,1026.8000000,1032.2000000,32680
MFON,D,20140717,000000,1019.0000000,1039.0000000,1009.9000000,1018.4000000,22040
MFON,D,20140718,000000,1018.6000000,1019.9000000,980.1000000,999.6000000,10280
MFON,D,20140721,000000,998.9000000,999.9000000,981.0000000,984.3000000,27090
MFON,D,20140722,000000,998.1000000,1018.6000000,986.1000000,995.6000000,18200
MFON,D,20140723,000000,999.0000000,1038.2000000,999.0000000,1023.1000000,50910
MFON,D,20140724,000000,1018.3000000,1018.5000000,1004.9000000,1016.0000000,5230
MFON,D,20140725,000000,1009.6000000,1010.5000000,990.1000000,990.1000000,8270
MFON,D,20140728,000000,987.2000000,1002.1000000,960.2000000,965.5000000,8570
MFON,D,20140729,000000,970.0000000,988.1000000,962.0000000,979.8000000,8100
MFON,D,20140730,000000,978.7000000,1009.8000000,978.7000000,990.0000000,9650
MFON,D,20140731,000000,1023.1000000,1025.0000000,980.1000000,982.1000000,5870
MFON,D,20140801,000000,976.2000000,1001.8000000,975.1000000,986.1000000,3710
MFON,D,20140804,000000,989.9000000,1002.1000000,975.1000000,990.1000000,10050
MFON,D,20140805,000000,996.6000000,998.9000000,975.1000000,986.5000000,5680
MFON,D,20140806,000000,980.0000000,990.1000000,944.4000000,949.2000000,25870
MFON,D,20140807,000000,946.8000000,979.6000000,900.3000000,959.9000000,22050
MFON,D,20140808,000000,955.0000000,959.5000000,919.7000000,953.0000000,25380
MFON,D,20140811,000000,955.0000000,988.0000000,955.0000000,980.9000000,12850
MFON,D,20140812,000000,978.0000000,1002.7000000,976.1000000,1000.1000000,24550
MFON,D,20140813,000000,998.0000000,1037.7000000,998.0000000,1033.0000000,79220
MFON,D,20140814,000000,1021.1000000,1036.5000000,1015.1000000,1026.0000000,9470
MFON,D,20140815,000000,1034.0000000,1044.5000000,1019.4000000,1040.4000000,29200
MFON,D,20140818,000000,1039.9000000,1049.4000000,1030.0000000,1031.8000000,3840
MFON,D,20140819,000000,1032.1000000,1044.1000000,1023.1000000,1030.0000000,4830
MFON,D,20140820,000000,1039.4000000,1039.4000000,1020.1000000,1037.0000000,4530
MFON,D,20140821,000000,1037.8000000,1056.0000000,1035.0000000,1055.0000000,17200
MFON,D,20140822,000000,1052.4000000,1058.2000000,1026.1000000,1050.0000000,6090
MFON,D,20140825,000000,1047.6000000,1062.7000000,1040.0000000,1062.7000000,2460
MFON,D,20140826,000000,1060.0000000,1080.0000000,1036.6000000,1067.0000000,15900
MFON,D,20140827,000000,1066.3000000,1076.8000000,1042.9000000,1042.9000000,123670
MFON,D,20140828,000000,1035.0000000,1061.4000000,1025.1000000,1043.5000000,57800
MFON,D,20140829,000000,1043.0000000,1050.0000000,1030.0000000,1032.3000000,76290
MFON,D,20140901,000000,1037.5000000,1037.7000000,970.0000000,978.0000000,42580
MFON,D,20140902,000000,979.5000000,989.7000000,970.1000000,984.1000000,7150
MFON,D,20140903,000000,989.9000000,1026.1000000,987.4000000,1015.0000000,41450
MFON,D,20140904,000000,1010.0000000,1039.8000000,1009.5000000,1035.9000000,9870
MFON,D,20140905,000000,1019.3000000,1064.9000000,1019.3000000,1054.0000000,13230
MFON,D,20140908,000000,1050.8000000,1069.5000000,1045.0000000,1058.0000000,33830
MFON,D,20140909,000000,1066.0000000,1076.2000000,1028.0000000,1037.0000000,20700
MFON,D,20140910,000000,1034.6000000,1053.1000000,1031.1000000,1052.5000000,20110
MFON,D,20140911,000000,1067.0000000,1072.0000000,1022.3000000,1046.0000000,51250
MFON,D,20140912,000000,1041.0000000,1041.0000000,1021.5000000,1034.5000000,9150
MFON,D,20140915,000000,1042.0000000,1043.0000000,990.0000000,1032.0000000,78460
MFON,D,20140916,000000,1020.5000000,1040.0000000,1003.0000000,1036.5000000,22390
MFON,D,20140917,000000,1037.8000000,1039.0000000,1010.0000000,1014.1000000,27260
MFON,D,20140918,000000,1028.5000000,1038.0000000,1012.1000000,1027.0000000,19490
MFON,D,20140919,000000,1026.3000000,1044.0000000,1009.0000000,1015.0000000,37640
MFON,D,20140922,000000,1019.7000000,1050.0000000,1018.0000000,1040.2000000,16470
MFON,D,20140923,000000,1040.5000000,1049.1000000,1001.9000000,1006.9000000,23930
MFON,D,20140924,000000,1016.5000000,1040.0000000,1012.1000000,1040.0000000,24830
MFON,D,20140925,000000,1043.3000000,1065.0000000,1028.1000000,1042.1000000,18210
MFON,D,20140926,000000,1037.3000000,1061.3000000,1028.1000000,1054.9000000,20610
MFON,D,20140929,000000,1054.9000000,1073.0000000,1024.9000000,1035.5000000,55930
MFON,D,20140930,000000,1035.5000000,1054.3000000,1009.4000000,1020.0000000,19960
MFON,D,20141001,000000,1024.0000000,1039.0000000,1019.0000000,1026.0000000,5260
MFON,D,20141002,000000,1024.0000000,1025.0000000,978.0000000,978.0000000,37940
MFON,D,20141003,000000,990.0000000,1030.0000000,974.0000000,1005.0000000,27560
MFON,D,20141006,000000,1009.0000000,1075.0000000,1009.0000000,1052.0000000,93950
MFON,D,20141007,000000,1063.0000000,1065.0000000,1040.0000000,1059.0000000,20040
MFON,D,20141008,000000,1051.0000000,1055.0000000,1016.0000000,1019.0000000,31530
MFON,D,20141009,000000,1027.0000000,1038.0000000,1023.0000000,1030.0000000,52920
MFON,D,20141010,000000,1026.0000000,1026.0000000,975.0000000,976.0000000,24900
MFON,D,20141013,000000,985.0000000,1010.0000000,980.0000000,992.0000000,39560
MFON,D,20141014,000000,994.0000000,998.0000000,985.0000000,985.0000000,27410
MFON,D,20141015,000000,989.0000000,989.0000000,956.0000000,968.0000000,21670
MFON,D,20141016,000000,973.0000000,985.0000000,905.0000000,931.0000000,68180
MFON,D,20141017,000000,934.0000000,990.0000000,922.0000000,974.0000000,38880
MFON,D,20141020,000000,986.0000000,997.0000000,950.0000000,951.0000000,17660
MFON,D,20141021,000000,951.0000000,980.0000000,932.0000000,970.0000000,13200
MFON,D,20141022,000000,971.0000000,976.0000000,950.0000000,954.0000000,21470
MFON,D,20141023,000000,947.0000000,972.0000000,933.0000000,957.0000000,22230
MFON,D,20141024,000000,954.0000000,979.0000000,952.0000000,979.0000000,7250
MFON,D,20141027,000000,985.0000000,1004.0000000,945.0000000,955.0000000,57390
MFON,D,20141028,000000,951.0000000,985.0000000,951.0000000,971.0000000,31880
MFON,D,20141029,000000,973.0000000,1010.0000000,961.0000000,1000.0000000,33450
MFON,D,20141030,000000,1008.0000000,1018.0000000,981.0000000,997.0000000,43630
MFON,D,20141031,000000,997.0000000,1005.0000000,982.0000000,993.0000000,29920
MFON,D,20141103,000000,989.0000000,1003.0000000,981.0000000,992.0000000,8080
MFON,D,20141105,000000,989.0000000,1005.0000000,982.0000000,994.0000000,26730
MFON,D,20141106,000000,998.0000000,1028.0000000,993.0000000,1022.0000000,22770
MFON,D,20141107,000000,1014.0000000,1024.0000000,996.0000000,1012.0000000,21560
MFON,D,20141110,000000,1012.0000000,1018.0000000,1002.0000000,1016.0000000,10820
MFON,D,20141111,000000,1018.0000000,1048.0000000,1010.0000000,1044.0000000,14590
MFON,D,20141112,000000,1039.0000000,1045.0000000,1026.0000000,1040.0000000,9250
MFON,D,20141113,000000,1012.0000000,1039.0000000,1010.0000000,1012.0000000,9360
MFON,D,20141114,000000,1011.0000000,1037.0000000,1000.0000000,1003.0000000,15410
MFON,D,20141117,000000,1005.0000000,1018.0000000,1003.0000000,1017.0000000,5190
MFON,D,20141118,000000,1011.0000000,1014.0000000,984.0000000,1012.0000000,27280
MFON,D,20141119,000000,1014.0000000,1018.0000000,1000.0000000,1016.0000000,13110
MFON,D,20141120,000000,1014.0000000,1028.0000000,1008.0000000,1028.0000000,6260
MFON,D,20141121,000000,1024.0000000,1035.0000000,1012.0000000,1022.0000000,7230
MFON,D,20141124,000000,1027.0000000,1039.0000000,1004.0000000,1018.0000000,30320
MFON,D,20141125,000000,1009.0000000,1030.0000000,1009.0000000,1021.0000000,5080
MFON,D,20141126,000000,1019.0000000,1024.0000000,1002.0000000,1012.0000000,4500
MFON,D,20141127,000000,1013.0000000,1014.0000000,992.0000000,1008.0000000,8250
MFON,D,20141128,000000,1006.0000000,1016.0000000,975.0000000,982.0000000,56200
MFON,D,20141201,000000,982.0000000,1024.0000000,965.0000000,1007.0000000,35850
MFON,D,20141202,000000,1006.0000000,1014.0000000,993.0000000,996.0000000,23030
MFON,D,20141203,000000,995.0000000,1010.0000000,993.0000000,1007.0000000,17600
MFON,D,20141204,000000,999.0000000,1005.0000000,973.0000000,983.0000000,104320
MFON,D,20141205,000000,979.0000000,995.0000000,940.0000000,948.0000000,59580
MFON,D,20141208,000000,950.0000000,970.0000000,902.0000000,902.0000000,27850
MFON,D,20141209,000000,904.0000000,919.0000000,880.0000000,900.0000000,36980
MFON,D,20141210,000000,910.0000000,956.0000000,910.0000000,953.0000000,39650
MFON,D,20141211,000000,954.0000000,967.0000000,936.0000000,949.0000000,132330
MFON,D,20141212,000000,946.0000000,977.0000000,923.0000000,929.0000000,85850
MFON,D,20141215,000000,940.0000000,976.0000000,915.0000000,945.0000000,158910
MFON,D,20141216,000000,939.0000000,945.0000000,779.0000000,804.0000000,71610
MFON,D,20141217,000000,829.0000000,875.0000000,809.0000000,875.0000000,38620
MFON,D,20141218,000000,880.0000000,947.0000000,842.0000000,895.0000000,57940
MFON,D,20141219,000000,899.0000000,925.0000000,868.0000000,894.0000000,20650
MFON,D,20141222,000000,905.0000000,965.0000000,850.0000000,911.0000000,20600
MFON,D,20141223,000000,912.0000000,952.0000000,860.0000000,903.0000000,44580
MFON,D,20141224,000000,900.0000000,900.0000000,860.0000000,871.0000000,34160
MFON,D,20141225,000000,870.0000000,890.0000000,858.0000000,883.0000000,6900
MFON,D,20141226,000000,879.0000000,882.0000000,863.0000000,875.0000000,4810
MFON,D,20141229,000000,877.0000000,924.0000000,855.0000000,887.0000000,21390
MFON,D,20141230,000000,874.0000000,890.0000000,790.0000000,820.0000000,48660
MFON,D,20150105,000000,824.0000000,840.0000000,814.0000000,838.0000000,4520
MFON,D,20150106,000000,834.0000000,852.0000000,827.0000000,845.0000000,9710
MFON,D,20150108,000000,848.0000000,894.0000000,848.0000000,876.0000000,20170
MFON,D,20150109,000000,881.0000000,916.0000000,876.0000000,910.0000000,13490
MFON,D,20150112,000000,910.0000000,915.0000000,883.0000000,906.0000000,8380
MFON,D,20150113,000000,905.0000000,916.0000000,890.0000000,903.0000000,14220
MFON,D,20150114,000000,906.0000000,949.0000000,898.0000000,921.0000000,25000
MFON,D,20150115,000000,946.0000000,969.0000000,925.0000000,960.0000000,20420
MFON,D,20150116,000000,967.0000000,976.0000000,948.0000000,972.0000000,6680
MFON,D,20150119,000000,965.0000000,985.0000000,951.0000000,951.0000000,15190
MFON,D,20150120,000000,950.0000000,975.0000000,936.0000000,964.0000000,26230
MFON,D,20150121,000000,960.0000000,984.0000000,958.0000000,960.0000000,81830
MFON,D,20150122,000000,950.0000000,1045.0000000,947.0000000,1033.0000000,168830
MFON,D,20150123,000000,1031.0000000,1050.0000000,1009.0000000,1012.0000000,84700
MFON,D,20150126,000000,1000.0000000,1049.0000000,987.0000000,1035.0000000,115850
MFON,D,20150127,000000,1013.0000000,1060.0000000,1005.0000000,1011.0000000,58110
MFON,D,20150128,000000,1011.0000000,1028.0000000,949.0000000,959.0000000,21220
MFON,D,20150129,000000,963.0000000,980.0000000,928.0000000,935.0000000,23080
MFON,D,20150130,000000,943.0000000,956.0000000,897.0000000,900.0000000,51630
MFON,D,20150202,000000,915.0000000,930.0000000,880.0000000,904.0000000,75770
MFON,D,20150203,000000,909.0000000,924.0000000,896.0000000,920.0000000,43880
MFON,D,20150204,000000,924.0000000,948.0000000,920.0000000,942.0000000,67070
MFON,D,20150205,000000,929.0000000,1000.0000000,924.0000000,995.0000000,73950
MFON,D,20150206,000000,1002.0000000,1092.0000000,985.0000000,1085.0000000,91400
MFON,D,20150209,000000,1065.0000000,1075.0000000,1030.0000000,1060.0000000,191630
MFON,D,20150210,000000,1053.0000000,1060.0000000,1019.0000000,1032.0000000,123280
MFON,D,20150211,000000,1054.0000000,1054.0000000,1018.0000000,1020.0000000,57400
MFON,D,20150212,000000,1031.0000000,1057.0000000,1017.0000000,1025.0000000,219050
MFON,D,20150213,000000,1037.0000000,1094.0000000,1025.0000000,1079.0000000,192830
MFON,D,20150216,000000,1080.0000000,1090.0000000,1026.0000000,1041.0000000,18740
MFON,D,20150217,000000,1041.0000000,1054.0000000,1025.0000000,1032.0000000,15690
MFON,D,20150218,000000,1040.0000000,1071.0000000,1008.0000000,1060.0000000,210220
MFON,D,20150219,000000,1058.0000000,1111.0000000,1005.0000000,1040.0000000,436890
MFON,D,20150220,000000,1042.0000000,1046.0000000,1015.0000000,1020.0000000,11970
MFON,D,20150224,000000,1000.0000000,1048.0000000,1000.0000000,1034.0000000,19430
MFON,D,20150225,000000,1037.0000000,1040.0000000,1000.0000000,1015.0000000,24450
MFON,D,20150226,000000,1011.0000000,1023.0000000,1002.0000000,1005.0000000,22910
MFON,D,20150227,000000,1010.0000000,1020.0000000,1006.0000000,1014.0000000,27410
MFON,D,20150302,000000,1014.0000000,1089.0000000,1011.0000000,1051.0000000,48630
MFON,D,20150303,000000,1050.0000000,1069.0000000,1041.0000000,1041.0000000,14520
MFON,D,20150304,000000,1070.0000000,1070.0000000,1010.0000000,1017.0000000,27120
MFON,D,20150305,000000,1012.0000000,1037.0000000,986.0000000,989.0000000,50680
MFON,D,20150306,000000,993.0000000,1014.0000000,971.0000000,977.0000000,61320
MFON,D,20150310,000000,977.0000000,996.0000000,975.0000000,987.0000000,261460
MFON,D,20150311,000000,998.0000000,1000.0000000,936.0000000,941.0000000,36520
MFON,D,20150312,000000,950.0000000,957.0000000,918.0000000,922.0000000,98750
MFON,D,20150313,000000,923.0000000,938.0000000,917.0000000,920.0000000,174200
MFON,D,20150316,000000,918.0000000,918.0000000,878.0000000,886.0000000,227590
MFON,D,20150317,000000,890.0000000,914.0000000,862.0000000,868.0000000,162710
MFON,D,20150318,000000,869.0000000,898.0000000,855.0000000,891.0000000,184500
MFON,D,20150319,000000,899.0000000,911.0000000,845.0000000,857.0000000,60550
MFON,D,20150320,000000,855.0000000,894.0000000,851.0000000,893.0000000,80390
MFON,D,20150323,000000,896.0000000,915.0000000,890.0000000,908.0000000,22890
MFON,D,20150324,000000,911.0000000,928.0000000,880.0000000,905.0000000,27790
MFON,D,20150325,000000,905.0000000,920.0000000,896.0000000,906.0000000,77070
MFON,D,20150326,000000,908.0000000,911.0000000,883.0000000,897.0000000,85900
MFON,D,20150327,000000,889.0000000,910.0000000,888.0000000,903.0000000,20570
MFON,D,20150330,000000,901.0000000,932.0000000,901.0000000,932.0000000,13790
MFON,D,20150331,000000,933.0000000,936.0000000,900.0000000,915.0000000,14940
MFON,D,20150401,000000,909.0000000,964.0000000,909.0000000,954.0000000,31650
MFON,D,20150402,000000,957.0000000,984.0000000,949.0000000,970.0000000,28160
MFON,D,20150403,000000,970.0000000,970.0000000,951.0000000,958.0000000,9580
MFON,D,20150406,000000,958.0000000,972.0000000,950.0000000,961.0000000,5120
MFON,D,20150407,000000,965.0000000,1007.0000000,964.0000000,992.0000000,38920
MFON,D,20150408,000000,992.0000000,992.0000000,952.0000000,960.0000000,8350
MFON,D,20150409,000000,955.0000000,955.0000000,914.0000000,928.0000000,20570
MFON,D,20150410,000000,930.0000000,930.0000000,904.0000000,913.0000000,33190
MFON,D,20150413,000000,915.0000000,940.0000000,911.0000000,920.0000000,77130
MFON,D,20150414,000000,924.0000000,933.0000000,905.0000000,915.0000000,32400
MFON,D,20150415,000000,917.0000000,929.0000000,902.0000000,929.0000000,50650
MFON,D,20150416,000000,930.0000000,964.0000000,919.0000000,940.0000000,47290
MFON,D,20150417,000000,941.0000000,956.0000000,905.0000000,918.0000000,63930
MFON,D,20150420,000000,922.0000000,934.0000000,911.0000000,921.0000000,27010
MFON,D,20150421,000000,926.0000000,960.0000000,925.0000000,936.0000000,16760
MFON,D,20150422,000000,937.0000000,949.0000000,905.0000000,914.0000000,49690
MFON,D,20150423,000000,918.0000000,919.0000000,857.0000000,886.0000000,242050
MFON,D,20150424,000000,884.0000000,890.0000000,857.0000000,885.0000000,121820
MFON,D,20150427,000000,886.0000000,886.0000000,856.0000000,870.0000000,106360
MFON,D,20150428,000000,870.0000000,881.0000000,866.0000000,879.0000000,53410
MFON,D,20150429,000000,879.0000000,897.0000000,851.0000000,870.0000000,80450
MFON,D,20150430,000000,865.0000000,884.0000000,864.0000000,877.0000000,43290
MFON,D,20150505,000000,881.0000000,885.0000000,867.0000000,879.0000000,53170
MFON,D,20150506,000000,884.0000000,884.0000000,862.0000000,870.0000000,108190
MFON,D,20150507,000000,871.0000000,875.0000000,853.0000000,858.0000000,63220
MFON,D,20150508,000000,861.0000000,873.0000000,859.0000000,873.0000000,25500
MFON,D,20150512,000000,872.0000000,874.0000000,856.0000000,865.0000000,41010
MFON,D,20150513,000000,860.0000000,861.0000000,836.0000000,838.0000000,180490
MFON,D,20150514,000000,843.0000000,853.0000000,828.0000000,836.0000000,41150
MFON,D,20150515,000000,838.0000000,861.0000000,830.0000000,847.0000000,39570
MFON,D,20150518,000000,846.0000000,846.0000000,831.0000000,835.0000000,44950
MFON,D,20150519,000000,835.0000000,838.0000000,825.0000000,831.0000000,30010
MFON,D,20150520,000000,830.0000000,833.0000000,820.0000000,821.0000000,36060
MFON,D,20150521,000000,826.0000000,835.0000000,820.0000000,833.0000000,18440
MFON,D,20150522,000000,832.0000000,839.0000000,822.0000000,835.0000000,18780
MFON,D,20150525,000000,836.0000000,842.0000000,830.0000000,834.0000000,5230
MFON,D,20150526,000000,832.0000000,836.0000000,820.0000000,829.0000000,29490
MFON,D,20150527,000000,822.0000000,831.0000000,812.0000000,827.0000000,32170
MFON,D,20150528,000000,824.0000000,850.0000000,824.0000000,830.0000000,29440
MFON,D,20150529,000000,836.0000000,842.0000000,806.0000000,811.0000000,47850
MFON,D,20150601,000000,815.0000000,832.0000000,811.0000000,817.0000000,43040
MFON,D,20150602,000000,823.0000000,830.0000000,817.0000000,825.0000000,30380
MFON,D,20150603,000000,829.0000000,850.0000000,821.0000000,829.0000000,75530
MFON,D,20150604,000000,831.0000000,839.0000000,819.0000000,820.0000000,30990
MFON,D,20150605,000000,824.0000000,830.0000000,810.0000000,822.0000000,28540
MFON,D,20150608,000000,823.0000000,825.0000000,815.0000000,820.0000000,14990
MFON,D,20150609,000000,823.0000000,826.0000000,809.0000000,813.0000000,36530
MFON,D,20150610,000000,814.0000000,816.0000000,782.0000000,789.0000000,96320
MFON,D,20150611,000000,791.0000000,795.0000000,754.0000000,771.0000000,107840
MFON,D,20150615,000000,771.0000000,779.0000000,755.0000000,767.0000000,48090
MFON,D,20150616,000000,763.0000000,780.0000000,740.0000000,776.0000000,97430
MFON,D,20150617,000000,779.0000000,780.0000000,766.0000000,770.0000000,33960
MFON,D,20150618,000000,771.0000000,789.0000000,771.0000000,786.0000000,45630
MFON,D,20150619,000000,786.0000000,801.0000000,776.0000000,796.0000000,36620
MFON,D,20150622,000000,796.0000000,802.0000000,783.0000000,797.0000000,25620
MFON,D,20150623,000000,800.0000000,806.0000000,795.0000000,798.0000000,21490
MFON,D,20150624,000000,798.0000000,800.0000000,781.0000000,784.0000000,19030
MFON,D,20150625,000000,783.0000000,799.0000000,783.0000000,787.0000000,15000
MFON,D,20150626,000000,785.0000000,785.0000000,774.0000000,776.0000000,14070
MFON,D,20150629,000000,771.0000000,782.0000000,767.0000000,769.0000000,7620
MFON,D,20150630,000000,771.0000000,780.0000000,770.0000000,778.0000000,11540
MFON,D,20150701,000000,779.0000000,779.0000000,773.0000000,779.0000000,5980
MFON,D,20150702,000000,779.0000000,782.0000000,769.0000000,771.0000000,21010
MFON,D,20150703,000000,771.0000000,772.0000000,752.0000000,757.0000000,33850
MFON,D,20150706,000000,751.0000000,759.0000000,746.0000000,758.0000000,23650
MFON,D,20150707,000000,757.0000000,771.0000000,752.0000000,755.0000000,22190
MFON,D,20150708,000000,755.0000000,776.0000000,746.0000000,774.0000000,38610
MFON,D,20150709,000000,772.0000000,781.0000000,768.0000000,772.0000000,12520
MFON,D,20150710,000000,763.0000000,793.0000000,762.0000000,789.0000000,30350
MFON,D,20150713,000000,783.0000000,795.0000000,774.0000000,784.0000000,33110
MFON,D,20150714,000000,778.0000000,783.0000000,770.0000000,777.0000000,20570
MFON,D,20150715,000000,776.0000000,787.0000000,771.0000000,785.0000000,32620
MFON,D,20150716,000000,780.0000000,790.0000000,778.0000000,785.0000000,14050
MFON,D,20150717,000000,788.0000000,833.0000000,788.0000000,819.0000000,166940
MFON,D,20150720,000000,822.0000000,827.0000000,807.0000000,817.0000000,42550
MFON,D,20150721,000000,818.0000000,825.0000000,809.0000000,809.0000000,7960
MFON,D,20150722,000000,808.0000000,813.0000000,803.0000000,809.0000000,19120
MFON,D,20150723,000000,810.0000000,810.0000000,781.0000000,787.0000000,36980
MFON,D,20150724,000000,787.0000000,791.0000000,763.0000000,776.0000000,53370
MFON,D,20150727,000000,777.0000000,781.0000000,742.0000000,748.0000000,108470
MFON,D,20150728,000000,749.0000000,758.0000000,712.0000000,725.0000000,152070
MFON,D,20150729,000000,729.0000000,736.0000000,715.0000000,736.0000000,129000
MFON,D,20150730,000000,740.0000000,763.0000000,736.0000000,758.0000000,84290
MFON,D,20150731,000000,757.0000000,765.0000000,752.0000000,765.0000000,65980
MFON,D,20150803,000000,765.0000000,773.0000000,760.0000000,770.0000000,40330
MFON,D,20150804,000000,772.0000000,789.0000000,769.0000000,785.0000000,60870
MFON,D,20150805,000000,790.0000000,806.0000000,786.0000000,792.0000000,49840
MFON,D,20150806,000000,795.0000000,816.0000000,795.0000000,804.0000000,59400
MFON,D,20150807,000000,813.0000000,832.0000000,806.0000000,830.0000000,56040
MFON,D,20150810,000000,832.0000000,835.0000000,823.0000000,825.0000000,18890
MFON,D,20150811,000000,826.0000000,826.0000000,807.0000000,807.0000000,50330
MFON,D,20150812,000000,806.0000000,830.0000000,790.0000000,803.0000000,50780
MFON,D,20150813,000000,809.0000000,819.0000000,804.0000000,809.0000000,23380
MFON,D,20150814,000000,811.0000000,819.0000000,809.0000000,816.0000000,14310
MFON,D,20150817,000000,816.0000000,816.0000000,798.0000000,802.0000000,26860
MFON,D,20150818,000000,803.0000000,828.0000000,798.0000000,816.0000000,70520
MFON,D,20150819,000000,823.0000000,849.0000000,807.0000000,810.0000000,45030
MFON,D,20150820,000000,816.0000000,830.0000000,802.0000000,825.0000000,24640
MFON,D,20150821,000000,822.0000000,823.0000000,807.0000000,814.0000000,12130
MFON,D,20150824,000000,799.0000000,814.0000000,771.0000000,806.0000000,57440
MFON,D,20150825,000000,809.0000000,817.0000000,800.0000000,809.0000000,23040
MFON,D,20150826,000000,804.0000000,810.0000000,792.0000000,807.0000000,64280
MFON,D,20150827,000000,809.0000000,809.0000000,792.0000000,801.0000000,87040
MFON,D,20150828,000000,807.0000000,823.0000000,802.0000000,818.0000000,30800
MFON,D,20150831,000000,818.0000000,822.0000000,807.0000000,814.0000000,5930
MFON,D,20150901,000000,813.0000000,819.0000000,800.0000000,805.0000000,36810
MFON,D,20150902,000000,809.0000000,815.0000000,801.0000000,806.0000000,11960
MFON,D,20150903,000000,811.0000000,819.0000000,802.0000000,810.0000000,20130
MFON,D,20150904,000000,809.0000000,812.0000000,805.0000000,809.0000000,4410
MFON,D,20150907,000000,808.0000000,820.0000000,804.0000000,810.0000000,14650
MFON,D,20150908,000000,819.0000000,821.0000000,805.0000000,809.0000000,26080
MFON,D,20150909,000000,812.0000000,820.0000000,809.0000000,810.0000000,21950
MFON,D,20150910,000000,812.0000000,820.0000000,806.0000000,812.0000000,25770
MFON,D,20150911,000000,817.0000000,820.0000000,806.0000000,810.0000000,22800
MFON,D,20150914,000000,815.0000000,820.0000000,810.0000000,812.0000000,31960
MFON,D,20150915,000000,815.0000000,820.0000000,806.0000000,812.0000000,23190
MFON,D,20150916,000000,812.0000000,820.0000000,808.0000000,817.0000000,14850
MFON,D,20150917,000000,815.0000000,825.0000000,811.0000000,818.0000000,80630
MFON,D,20150918,000000,816.0000000,820.0000000,814.0000000,815.0000000,11280
MFON,D,20150921,000000,817.0000000,818.0000000,806.0000000,815.0000000,44810
MFON,D,20150922,000000,812.0000000,818.0000000,806.0000000,810.0000000,30490
MFON,D,20150923,000000,805.0000000,813.0000000,803.0000000,809.0000000,26440
MFON,D,20150924,000000,808.0000000,815.0000000,796.0000000,805.0000000,30450
MFON,D,20150925,000000,804.0000000,810.0000000,800.0000000,800.0000000,93460
MFON,D,20150928,000000,804.0000000,804.0000000,791.0000000,791.0000000,14840
MFON,D,20150929,000000,795.0000000,796.0000000,759.0000000,777.0000000,182160
MFON,D,20150930,000000,787.0000000,815.0000000,780.0000000,815.0000000,223780
MFON,D,20151001,000000,815.0000000,815.0000000,791.0000000,795.0000000,104930
MFON,D,20151002,000000,792.0000000,809.0000000,792.0000000,793.0000000,38710
MFON,D,20151005,000000,795.0000000,795.0000000,777.0000000,783.0000000,128390
MFON,D,20151006,000000,784.0000000,784.0000000,767.0000000,779.0000000,74550
MFON,D,20151007,000000,780.0000000,786.0000000,756.0000000,763.0000000,107390
MFON,D,20151008,000000,764.0000000,774.0000000,760.0000000,769.0000000,98220
MFON,D,20151009,000000,772.0000000,805.0000000,762.0000000,797.0000000,246720
MFON,D,20151012,000000,803.0000000,809.0000000,791.0000000,801.0000000,100860
MFON,D,20151013,000000,797.0000000,811.0000000,796.0000000,808.0000000,20570
MFON,D,20151014,000000,809.0000000,809.0000000,789.0000000,796.0000000,41290
MFON,D,20151015,000000,795.0000000,796.0000000,780.0000000,790.0000000,111100
MFON,D,20151016,000000,792.0000000,796.0000000,785.0000000,789.0000000,40430
MFON,D,20151019,000000,786.0000000,790.0000000,776.0000000,780.0000000,59960
MFON,D,20151020,000000,779.0000000,802.0000000,777.0000000,802.0000000,65460
MFON,D,20151021,000000,802.0000000,815.0000000,796.0000000,810.0000000,75390
MFON,D,20151022,000000,811.0000000,820.0000000,805.0000000,815.0000000,45350
MFON,D,20151023,000000,816.0000000,828.0000000,809.0000000,818.0000000,44950
MFON,D,20151026,000000,819.0000000,821.0000000,802.0000000,814.0000000,29470
MFON,D,20151027,000000,810.0000000,815.0000000,791.0000000,815.0000000,36620
MFON,D,20151028,000000,812.0000000,816.0000000,804.0000000,811.0000000,44130
MFON,D,20151029,000000,830.0000000,847.0000000,817.0000000,830.0000000,456180
MFON,D,20151030,000000,834.0000000,844.0000000,820.0000000,827.0000000,61230
MFON,D,20151102,000000,833.0000000,835.0000000,824.0000000,833.0000000,37910
MFON,D,20151103,000000,833.0000000,846.0000000,830.0000000,840.0000000,156640
MFON,D,20151105,000000,845.0000000,853.0000000,840.0000000,848.0000000,362810
MFON,D,20151106,000000,854.0000000,860.0000000,849.0000000,852.0000000,193200
MFON,D,20151109,000000,855.0000000,860.0000000,844.0000000,852.0000000,80780
MFON,D,20151110,000000,853.0000000,854.0000000,837.0000000,840.0000000,113500
MFON,D,20151111,000000,842.0000000,850.0000000,828.0000000,843.0000000,103200
MFON,D,20151112,000000,848.0000000,857.0000000,844.0000000,852.0000000,44050
MFON,D,20151113,000000,850.0000000,870.0000000,841.0000000,868.0000000,118020
MFON,D,20151116,000000,862.0000000,875.0000000,862.0000000,871.0000000,177410
MFON,D,20151117,000000,869.0000000,907.0000000,869.0000000,901.0000000,124250
MFON,D,20151118,000000,909.0000000,911.0000000,891.0000000,895.0000000,204640
MFON,D,20151119,000000,906.0000000,931.0000000,895.0000000,915.0000000,217710
MFON,D,20151120,000000,924.0000000,928.0000000,906.0000000,908.0000000,113360
MFON,D,20151123,000000,917.0000000,934.0000000,910.0000000,926.0000000,70270
MFON,D,20151124,000000,929.0000000,929.0000000,907.0000000,914.0000000,115140
MFON,D,20151125,000000,919.0000000,932.0000000,912.0000000,929.0000000,78390
MFON,D,20151126,000000,933.0000000,940.0000000,924.0000000,939.0000000,36800
MFON,D,20151127,000000,939.0000000,939.0000000,925.0000000,928.0000000,51370
MFON,D,20151130,000000,932.0000000,955.0000000,912.0000000,951.0000000,147500
MFON,D,20151201,000000,946.0000000,957.0000000,930.0000000,931.0000000,47310
MFON,D,20151202,000000,932.0000000,939.0000000,911.0000000,918.0000000,71460
MFON,D,20151203,000000,920.0000000,924.0000000,915.0000000,920.0000000,17180
MFON,D,20151204,000000,925.0000000,927.0000000,909.0000000,913.0000000,56090
MFON,D,20151207,000000,919.0000000,922.0000000,892.0000000,910.0000000,61320
MFON,D,20151208,000000,909.0000000,915.0000000,895.0000000,915.0000000,90370
MFON,D,20151209,000000,915.0000000,933.0000000,915.0000000,930.0000000,130950
MFON,D,20151210,000000,927.0000000,950.0000000,927.0000000,940.0000000,101130
MFON,D,20151211,000000,939.0000000,952.0000000,924.0000000,925.0000000,104390
MFON,D,20151214,000000,928.0000000,937.0000000,916.0000000,921.0000000,48020
MFON,D,20151215,000000,922.0000000,934.0000000,907.0000000,925.0000000,88690
MFON,D,20151216,000000,933.0000000,933.0000000,907.0000000,918.0000000,74540
MFON,D,20151217,000000,920.0000000,932.0000000,911.0000000,932.0000000,116080
MFON,D,20151218,000000,935.0000000,935.0000000,904.0000000,905.0000000,349330
MFON,D,20151221,000000,859.0000000,859.0000000,831.0000000,843.0000000,181580
MFON,D,20151222,000000,843.0000000,848.0000000,811.0000000,814.0000000,96800
MFON,D,20151223,000000,819.0000000,825.0000000,810.0000000,813.0000000,86830
MFON,D,20151224,000000,810.0000000,814.0000000,799.0000000,812.0000000,78070
MFON,D,20151225,000000,814.0000000,820.0000000,807.0000000,816.0000000,36940
MFON,D,20151228,000000,820.0000000,855.0000000,817.0000000,849.0000000,84610
MFON,D,20151229,000000,848.0000000,856.0000000,830.0000000,856.0000000,112860
MFON,D,20151230,000000,847.0000000,871.0000000,842.0000000,850.0000000,112540
MFON,D,20160104,000000,854.0000000,859.0000000,834.0000000,835.0000000,29370
MFON,D,20160105,000000,837.0000000,846.0000000,832.0000000,841.0000000,16450
MFON,D,20160106,000000,843.0000000,864.0000000,839.0000000,862.0000000,52690
MFON,D,20160111,000000,855.0000000,858.0000000,825.0000000,825.0000000,69520
MFON,D,20160112,000000,826.0000000,826.0000000,805.0000000,819.0000000,97390
MFON,D,20160113,000000,820.0000000,829.0000000,817.0000000,822.0000000,35670
MFON,D,20160114,000000,816.0000000,820.0000000,801.0000000,807.0000000,76220
MFON,D,20160115,000000,808.0000000,811.0000000,765.0000000,771.0000000,135700
MFON,D,20160118,000000,765.0000000,788.0000000,757.0000000,784.0000000,54760
MFON,D,20160119,000000,790.0000000,810.0000000,783.0000000,800.0000000,148650
MFON,D,20160120,000000,794.0000000,798.0000000,777.0000000,789.0000000,105600
MFON,D,20160121,000000,789.0000000,809.0000000,786.0000000,798.0000000,401180
MFON,D,20160122,000000,806.0000000,811.0000000,778.0000000,798.0000000,708920
MFON,D,20160125,000000,808.0000000,816.0000000,794.0000000,813.0000000,188790
MFON,D,20160126,000000,805.0000000,838.0000000,803.0000000,836.0000000,309090
MFON,D,20160127,000000,836.0000000,885.0000000,832.0000000,880.0000000,414420
MFON,D,20160128,000000,880.0000000,903.0000000,868.0000000,880.0000000,176880
MFON,D,20160129,000000,882.0000000,894.0000000,855.0000000,866.0000000,139970
MFON,D,20160201,000000,875.0000000,882.0000000,863.0000000,869.0000000,57840
MFON,D,20160202,000000,865.0000000,889.0000000,862.0000000,880.0000000,145940
MFON,D,20160203,000000,881.0000000,881.0000000,863.0000000,868.0000000,64010
MFON,D,20160204,000000,872.0000000,885.0000000,856.0000000,859.0000000,89180
MFON,D,20160205,000000,860.0000000,879.0000000,855.0000000,864.0000000,60890
MFON,D,20160208,000000,873.0000000,878.0000000,860.0000000,870.0000000,65160
MFON,D,20160209,000000,870.0000000,875.0000000,858.0000000,860.0000000,29860
MFON,D,20160210,000000,859.0000000,865.0000000,845.0000000,856.0000000,46480
MFON,D,20160211,000000,856.0000000,856.0000000,818.0000000,824.0000000,86360
MFON,D,20160212,000000,829.0000000,842.0000000,812.0000000,836.0000000,94130
MFON,D,20160215,000000,839.0000000,865.0000000,835.0000000,861.0000000,55150
MFON,D,20160216,000000,861.0000000,878.0000000,854.0000000,875.0000000,74040
MFON,D,20160217,000000,879.0000000,879.0000000,865.0000000,874.0000000,35300
MFON,D,20160218,000000,874.0000000,876.0000000,865.0000000,868.0000000,39370
MFON,D,20160219,000000,864.0000000,871.0000000,857.0000000,865.0000000,34950
MFON,D,20160220,000000,865.0000000,867.0000000,860.0000000,861.0000000,3180
MFON,D,20160222,000000,870.0000000,874.0000000,859.0000000,864.0000000,17390
MFON,D,20160224,000000,864.0000000,868.0000000,850.0000000,863.0000000,81840
MFON,D,20160225,000000,863.0000000,867.0000000,851.0000000,857.0000000,64450
MFON,D,20160226,000000,862.0000000,876.0000000,855.0000000,870.0000000,77100
MFON,D,20160229,000000,865.0000000,875.0000000,862.0000000,871.0000000,18650
MFON,D,20160301,000000,870.0000000,886.0000000,870.0000000,884.0000000,55270
MFON,D,20160302,000000,885.0000000,887.0000000,874.0000000,879.0000000,24290
MFON,D,20160303,000000,880.0000000,885.0000000,876.0000000,881.0000000,29740
MFON,D,20160304,000000,880.0000000,886.0000000,858.0000000,863.0000000,119310
MFON,D,20160307,000000,869.0000000,879.0000000,863.0000000,866.0000000,90500
MFON,D,20160309,000000,866.0000000,876.0000000,862.0000000,867.0000000,44110
MFON,D,20160310,000000,868.0000000,880.0000000,867.0000000,880.0000000,67300
MFON,D,20160311,000000,880.0000000,882.0000000,868.0000000,869.0000000,31270
MFON,D,20160314,000000,870.0000000,870.0000000,851.0000000,855.0000000,126420
MFON,D,20160315,000000,858.0000000,860.0000000,835.0000000,842.0000000,278530
MFON,D,20160316,000000,843.0000000,850.0000000,838.0000000,843.0000000,92000
MFON,D,20160317,000000,847.0000000,853.0000000,785.0000000,809.0000000,1295960
MFON,D,20160318,000000,814.0000000,818.0000000,790.0000000,800.0000000,639220
MFON,D,20160321,000000,800.0000000,801.0000000,781.0000000,784.0000000,399270
MFON,D,20160322,000000,784.0000000,798.0000000,771.0000000,778.0000000,590340
MFON,D,20160323,000000,779.0000000,784.0000000,774.0000000,779.0000000,159380
MFON,D,20160324,000000,780.0000000,796.0000000,777.0000000,796.0000000,268790
MFON,D,20160325,000000,795.0000000,802.0000000,778.0000000,792.0000000,134620
MFON,D,20160328,000000,789.0000000,794.0000000,782.0000000,786.0000000,82360
MFON,D,20160329,000000,786.0000000,791.0000000,766.0000000,775.0000000,209080
MFON,D,20160330,000000,777.0000000,779.0000000,759.0000000,769.0000000,374920
MFON,D,20160331,000000,766.0000000,773.0000000,740.0000000,750.0000000,638730
MFON,D,20160401,000000,748.0000000,749.0000000,740.0000000,747.0000000,145000
MFON,D,20160404,000000,749.0000000,754.0000000,729.0000000,731.0000000,226810
MFON,D,20160405,000000,730.0000000,732.0000000,691.0000000,706.0000000,1086990
MFON,D,20160406,000000,710.0000000,710.0000000,694.0000000,699.0000000,298800
MFON,D,20160407,000000,699.0000000,703.0000000,675.0000000,688.0000000,578230
MFON,D,20160408,000000,688.0000000,703.0000000,682.0000000,688.0000000,471840
MFON,D,20160411,000000,689.0000000,705.0000000,688.0000000,703.0000000,411150
MFON,D,20160412,000000,707.0000000,710.0000000,698.0000000,699.0000000,310270
MFON,D,20160413,000000,703.0000000,706.0000000,697.0000000,704.0000000,271250
MFON,D,20160414,000000,705.0000000,724.0000000,704.0000000,713.0000000,505980
MFON,D,20160415,000000,715.0000000,715.0000000,706.0000000,712.0000000,141140
MFON,D,20160418,000000,705.0000000,720.0000000,702.0000000,711.0000000,179860
MFON,D,20160419,000000,713.0000000,716.0000000,706.0000000,712.0000000,141300
MFON,D,20160420,000000,712.0000000,712.0000000,701.0000000,705.0000000,122570
MFON,D,20160421,000000,706.0000000,708.0000000,699.0000000,703.0000000,234450
MFON,D,20160422,000000,702.0000000,725.0000000,700.0000000,718.0000000,470850
MFON,D,20160425,000000,717.0000000,729.0000000,714.0000000,718.0000000,201730
MFON,D,20160426,000000,717.0000000,725.0000000,715.0000000,719.0000000,141820
MFON,D,20160427,000000,722.0000000,724.0000000,708.0000000,714.0000000,192630
MFON,D,20160428,000000,728.0000000,746.0000000,726.0000000,740.0000000,649030
MFON,D,20160429,000000,743.0000000,744.0000000,735.0000000,740.0000000,218870
MFON,D,20160504,000000,738.0000000,744.5000000,730.5000000,736.0000000,121380
MFON,D,20160505,000000,733.0000000,742.0000000,732.0000000,739.5000000,133650
MFON,D,20160506,000000,739.0000000,741.0000000,728.0000000,730.5000000,103370
MFON,D,20160510,000000,729.0000000,740.5000000,726.0000000,738.5000000,97860
MFON,D,20160511,000000,739.0000000,746.0000000,735.0000000,744.5000000,125330
MFON,D,20160512,000000,741.0000000,743.5000000,732.5000000,735.0000000,81140
MFON,D,20160513,000000,745.0000000,745.5000000,735.5000000,742.0000000,119640
MFON,D,20160516,000000,741.0000000,744.0000000,728.5000000,732.0000000,160280
MFON,D,20160517,000000,735.0000000,735.0000000,722.0000000,726.0000000,122110
MFON,D,20160518,000000,726.0000000,733.0000000,724.5000000,727.0000000,57210
MFON,D,20160519,000000,729.0000000,733.0000000,724.0000000,729.5000000,68010
MFON,D,20160520,000000,732.0000000,740.0000000,728.0000000,736.0000000,151220
MFON,D,20160523,000000,739.0000000,744.0000000,735.0000000,738.0000000,115790
MFON,D,20160524,000000,739.5000000,743.5000000,736.0000000,741.5000000,100870
MFON,D,20160525,000000,739.0000000,754.5000000,739.0000000,753.5000000,202460
MFON,D,20160526,000000,754.0000000,757.5000000,745.0000000,748.5000000,84020
MFON,D,20160527,000000,747.5000000,752.0000000,741.5000000,745.5000000,133700
MFON,D,20160530,000000,748.0000000,752.5000000,742.0000000,747.5000000,58910
MFON,D,20160531,000000,748.5000000,750.0000000,743.5000000,747.0000000,80090
MFON,D,20160601,000000,745.5000000,753.5000000,744.0000000,747.5000000,144390
MFON,D,20160602,000000,746.5000000,750.5000000,742.5000000,750.0000000,133920
MFON,D,20160603,000000,750.0000000,752.0000000,743.0000000,746.0000000,97470
MFON,D,20160606,000000,747.5000000,750.0000000,738.0000000,747.5000000,110620
MFON,D,20160607,000000,748.5000000,752.5000000,745.5000000,750.0000000,152690
MFON,D,20160608,000000,750.0000000,755.0000000,747.5000000,750.0000000,100160
MFON,D,20160609,000000,749.5000000,752.5000000,739.0000000,740.5000000,91260
MFON,D,20160610,000000,741.0000000,745.5000000,736.0000000,742.0000000,63960
MFON,D,20160614,000000,740.0000000,740.0000000,723.5000000,725.0000000,149500
MFON,D,20160615,000000,724.0000000,724.5000000,716.5000000,718.5000000,122050
MFON,D,20160616,000000,717.0000000,719.0000000,698.5000000,705.0000000,224500
MFON,D,20160617,000000,709.5000000,747.0000000,703.5000000,747.0000000,301660
MFON,D,20160620,000000,737.0000000,737.5000000,715.5000000,726.5000000,184960
MFON,D,20160621,000000,728.0000000,728.0000000,716.0000000,724.0000000,54830
MFON,D,20160622,000000,725.0000000,727.0000000,710.0000000,712.0000000,102160
MFON,D,20160623,000000,710.0000000,714.5000000,707.5000000,714.0000000,57260
MFON,D,20160624,000000,704.0000000,710.0000000,663.5000000,676.5000000,1140460
MFON,D,20160627,000000,680.0000000,680.5000000,659.5000000,662.0000000,347550
MFON,D,20160628,000000,666.0000000,668.0000000,654.5000000,665.5000000,211610
MFON,D,20160629,000000,667.5000000,674.5000000,660.0000000,667.0000000,169680
MFON,D,20160630,000000,668.0000000,672.5000000,662.5000000,670.5000000,138820
MFON,D,20160701,000000,670.5000000,690.5000000,668.0000000,688.5000000,243570
MFON,D,20160704,000000,690.5000000,702.0000000,690.0000000,700.0000000,161410
MFON,D,20160705,000000,701.5000000,709.0000000,690.0000000,705.0000000,171660
MFON,D,20160706,000000,705.0000000,712.0000000,703.0000000,708.0000000,166900
MFON,D,20160707,000000,709.5000000,714.5000000,696.0000000,702.0000000,577990
MFON,D,20160708,000000,659.0000000,669.0000000,648.0000000,660.0000000,508610
MFON,D,20160711,000000,662.0000000,674.5000000,661.5000000,674.0000000,191500
MFON,D,20160712,000000,674.0000000,680.0000000,668.0000000,668.0000000,146350
MFON,D,20160713,000000,670.0000000,677.5000000,667.0000000,673.0000000,106820
MFON,D,20160714,000000,673.0000000,678.5000000,665.0000000,667.5000000,199130
MFON,D,20160715,000000,670.0000000,678.0000000,668.0000000,672.0000000,153550
MFON,D,20160718,000000,670.0000000,677.5000000,669.5000000,672.0000000,88890
MFON,D,20160719,000000,670.5000000,676.5000000,668.0000000,670.5000000,84860
MFON,D,20160720,000000,674.5000000,688.5000000,671.0000000,683.0000000,236390
MFON,D,20160721,000000,684.0000000,689.0000000,683.0000000,688.0000000,84030
MFON,D,20160722,000000,688.0000000,692.0000000,688.0000000,689.5000000,34910
MFON,D,20160725,000000,691.0000000,695.0000000,688.5000000,692.0000000,66800
MFON,D,20160726,000000,692.0000000,702.0000000,691.0000000,698.5000000,195790
MFON,D,20160727,000000,697.0000000,697.5000000,679.0000000,692.0000000,347740
MFON,D,20160728,000000,690.5000000,694.0000000,679.0000000,684.0000000,185550
MFON,D,20160729,000000,681.0000000,683.5000000,665.0000000,670.0000000,293850
MFON,D,20160801,000000,672.0000000,672.0000000,655.5000000,660.0000000,272890
MFON,D,20160802,000000,660.5000000,663.0000000,645.5000000,660.0000000,228880
MFON,D,20160803,000000,658.5000000,665.0000000,649.0000000,664.0000000,118900
MFON,D,20160804,000000,665.5000000,670.0000000,661.0000000,670.0000000,81120
MFON,D,20160805,000000,669.0000000,679.5000000,664.5000000,678.0000000,230570
MFON,D,20160808,000000,679.5000000,685.5000000,676.0000000,680.5000000,118950
MFON,D,20160809,000000,679.0000000,684.0000000,675.5000000,678.0000000,68360
MFON,D,20160810,000000,677.5000000,681.0000000,676.0000000,677.0000000,67740
MFON,D,20160811,000000,678.0000000,679.5000000,671.5000000,674.5000000,70060
MFON,D,20160812,000000,678.0000000,701.0000000,676.0000000,685.0000000,314860
MFON,D,20160815,000000,688.0000000,690.0000000,683.0000000,683.0000000,40060
MFON,D,20160816,000000,684.5000000,684.5000000,678.0000000,678.0000000,49430
MFON,D,20160817,000000,679.0000000,683.0000000,677.0000000,678.0000000,77730
MFON,D,20160818,000000,679.0000000,680.0000000,672.5000000,674.0000000,54940
MFON,D,20160819,000000,674.0000000,678.0000000,670.5000000,673.0000000,27210
MFON,D,20160822,000000,673.0000000,673.0000000,664.0000000,669.0000000,129790
MFON,D,20160823,000000,669.0000000,672.0000000,667.5000000,671.5000000,44120
MFON,D,20160824,000000,670.5000000,672.5000000,669.0000000,670.5000000,82520
MFON,D,20160825,000000,671.5000000,672.5000000,667.0000000,667.5000000,30010
MFON,D,20160826,000000,667.0000000,670.0000000,664.0000000,666.0000000,44630
MFON,D,20160829,000000,667.0000000,675.0000000,660.0000000,675.0000000,43850
MFON,D,20160830,000000,673.5000000,679.0000000,670.0000000,671.5000000,103800
MFON,D,20160831,000000,674.0000000,676.5000000,667.0000000,669.5000000,55740
MFON,D,20160901,000000,668.0000000,671.0000000,665.5000000,667.5000000,42040
MFON,D,20160902,000000,668.0000000,674.0000000,667.5000000,669.5000000,60880
MFON,D,20160905,000000,671.0000000,673.5000000,669.0000000,669.5000000,37660
MFON,D,20160906,000000,671.0000000,671.0000000,660.0000000,664.0000000,147690
MFON,D,20160907,000000,669.0000000,685.0000000,668.0000000,682.0000000,298950
MFON,D,20160908,000000,681.0000000,687.0000000,679.0000000,681.5000000,146420
MFON,D,20160909,000000,681.0000000,682.5000000,669.5000000,673.0000000,128460
MFON,D,20160912,000000,670.5000000,674.0000000,649.5000000,655.5000000,512420
MFON,D,20160913,000000,657.5000000,658.0000000,613.0000000,648.5000000,465090
MFON,D,20160914,000000,651.5000000,654.5000000,645.0000000,651.0000000,76110
MFON,D,20160915,000000,651.5000000,654.5000000,640.5000000,645.0000000,143960
MFON,D,20160916,000000,645.5000000,668.0000000,642.5000000,656.5000000,485810
MFON,D,20160919,000000,657.0000000,660.0000000,654.0000000,657.5000000,70480
MFON,D,20160920,000000,659.0000000,660.0000000,641.5000000,654.5000000,290210
MFON,D,20160921,000000,655.0000000,655.0000000,642.5000000,645.5000000,290240
MFON,D,20160922,000000,647.0000000,647.5000000,632.0000000,635.5000000,375080
MFON,D,20160923,000000,635.0000000,635.0000000,622.0000000,622.5000000,259390
MFON,D,20160926,000000,621.5000000,626.5000000,615.0000000,625.0000000,224930
MFON,D,20160927,000000,627.5000000,627.5000000,614.0000000,618.0000000,183480
MFON,D,20160928,000000,623.5000000,623.5000000,614.5000000,621.0000000,84850
MFON,D,20160929,000000,622.5000000,627.5000000,610.5000000,616.0000000,109230
MFON,D,20160930,000000,612.0000000,615.0000000,606.0000000,609.0000000,241460
MFON,D,20161003,000000,607.0000000,609.0000000,601.0000000,601.5000000,274850
MFON,D,20161004,000000,601.0000000,612.0000000,600.0000000,602.0000000,237550
MFON,D,20161005,000000,602.0000000,602.5000000,590.0000000,592.0000000,309000
MFON,D,20161006,000000,594.5000000,597.0000000,590.5000000,593.5000000,76370
MFON,D,20161007,000000,593.5000000,597.0000000,590.5000000,592.0000000,92090
MFON,D,20161010,000000,593.0000000,612.0000000,592.0000000,608.0000000,223390
MFON,D,20161011,000000,608.5000000,616.5000000,608.0000000,611.0000000,154760
MFON,D,20161012,000000,611.5000000,614.0000000,604.0000000,610.5000000,76670
MFON,D,20161013,000000,609.0000000,619.0000000,607.5000000,611.5000000,138460
MFON,D,20161014,000000,612.5000000,613.0000000,603.0000000,604.0000000,292070
MFON,D,20161017,000000,604.5000000,612.0000000,602.5000000,611.0000000,93120
MFON,D,20161018,000000,612.0000000,618.0000000,603.0000000,607.0000000,160680
MFON,D,20161019,000000,606.5000000,609.0000000,590.0000000,593.0000000,394790
MFON,D,20161020,000000,594.5000000,594.5000000,573.0000000,581.0000000,454000
MFON,D,20161021,000000,580.0000000,583.0000000,570.5000000,576.5000000,382840
MFON,D,20161024,000000,574.5000000,583.0000000,565.0000000,568.0000000,733260
MFON,D,20161025,000000,569.5000000,571.0000000,559.5000000,560.5000000,319750
MFON,D,20161026,000000,559.0000000,571.0000000,556.0000000,564.0000000,466120
MFON,D,20161027,000000,563.5000000,578.5000000,563.0000000,565.0000000,1177190
MFON,D,20161028,000000,568.0000000,584.5000000,564.0000000,583.0000000,528200
MFON,D,20161031,000000,584.0000000,605.5000000,583.0000000,602.0000000,546850
MFON,D,20161101,000000,604.9000000,610.0000000,590.1000000,606.2000000,368550
MFON,D,20161102,000000,602.5000000,610.0000000,596.0000000,602.2000000,314370
MFON,D,20161103,000000,600.8000000,607.9000000,599.5000000,605.0000000,153500
MFON,D,20161107,000000,604.8000000,604.8000000,587.7000000,593.2000000,248790
MFON,D,20161108,000000,594.7000000,596.3000000,585.2000000,588.1000000,143100
MFON,D,20161109,000000,585.1000000,593.3000000,582.1000000,592.5000000,194350
MFON,D,20161110,000000,592.9000000,596.3000000,585.5000000,587.5000000,294680
MFON,D,20161111,000000,586.1000000,589.5000000,579.0000000,580.8000000,342960
MFON,D,20161114,000000,579.8000000,585.0000000,572.7000000,573.0000000,206290
MFON,D,20161115,000000,569.5000000,572.0000000,561.0000000,562.7000000,662430
MFON,D,20161116,000000,564.6000000,566.4000000,551.0000000,556.6000000,756060
MFON,D,20161117,000000,558.5000000,559.7000000,549.9000000,550.7000000,311280
MFON,D,20161118,000000,552.0000000,559.0000000,538.5000000,539.5000000,551940
MFON,D,20161121,000000,540.0000000,542.4000000,530.0000000,530.2000000,517100
MFON,D,20161122,000000,533.0000000,546.0000000,528.0000000,540.7000000,548320
MFON,D,20161123,000000,545.6000000,553.0000000,538.1000000,547.5000000,391350
MFON,D,20161124,000000,545.9000000,555.4000000,545.1000000,551.5000000,229900
MFON,D,20161125,000000,550.0000000,552.9000000,546.7000000,548.7000000,160880
MFON,D,20161128,000000,549.9000000,550.8000000,541.1000000,542.0000000,269760
MFON,D,20161129,000000,542.5000000,562.4000000,539.0000000,561.0000000,554770
MFON,D,20161130,000000,562.4000000,580.0000000,556.0000000,567.0000000,746300
MFON,D,20161201,000000,570.5000000,588.9000000,569.1000000,586.8000000,865560
MFON,D,20161202,000000,586.1000000,604.6000000,585.7000000,599.5000000,561730
MFON,D,20161205,000000,599.7000000,608.0000000,598.8000000,603.0000000,444480
MFON,D,20161206,000000,604.0000000,605.7000000,592.0000000,601.8000000,614240
MFON,D,20161207,000000,602.9000000,604.4000000,592.1000000,597.0000000,307850
MFON,D,20161208,000000,596.6000000,602.9000000,595.0000000,595.6000000,339890
MFON,D,20161209,000000,597.9000000,599.9000000,592.7000000,593.9000000,275380
MFON,D,20161212,000000,596.3000000,605.0000000,589.1000000,605.0000000,571640
MFON,D,20161213,000000,606.2000000,616.8000000,602.0000000,609.9000000,587250
MFON,D,20161214,000000,610.1000000,614.8000000,598.9000000,603.9000000,382750
MFON,D,20161215,000000,603.2000000,609.5000000,595.4000000,608.9000000,516290
MFON,D,20161216,000000,608.9000000,616.0000000,605.0000000,616.0000000,748170
MFON,D,20161219,000000,598.5000000,598.6000000,588.8000000,590.5000000,509370
MFON,D,20161220,000000,590.1000000,591.6000000,583.0000000,583.5000000,282790
MFON,D,20161221,000000,583.4000000,583.4000000,570.6000000,570.6000000,352870
MFON,D,20161222,000000,570.6000000,576.3000000,565.2000000,569.3000000,360220
MFON,D,20161223,000000,569.2000000,585.7000000,540.5000000,581.4000000,1010840
MFON,D,20161226,000000,576.3000000,583.0000000,565.2000000,579.0000000,159060
MFON,D,20161227,000000,579.0000000,581.6000000,571.0000000,571.1000000,133730
MFON,D,20161228,000000,571.1000000,573.9000000,565.0000000,565.9000000,188290
MFON,D,20161229,000000,567.0000000,580.9000000,566.4000000,579.0000000,202470
MFON,D,20161230,000000,576.1000000,583.3000000,573.4000000,579.6000000,219440
MFON,D,20170103,000000,583.0000000,588.4000000,580.0000000,585.6000000,175310
MFON,D,20170104,000000,587.7000000,591.9000000,583.0000000,588.1000000,117990
MFON,D,20170105,000000,588.4000000,596.4000000,586.8000000,593.8000000,206340
MFON,D,20170106,000000,593.8000000,597.2000000,589.0000000,590.2000000,85300
MFON,D,20170109,000000,591.3000000,594.2000000,585.0000000,591.3000000,109590
MFON,D,20170110,000000,592.5000000,606.9000000,588.6000000,605.5000000,240780
MFON,D,20170111,000000,604.5000000,612.6000000,601.0000000,607.7000000,354900
MFON,D,20170112,000000,613.7000000,614.8000000,608.0000000,608.9000000,237430
MFON,D,20170113,000000,608.1000000,613.0000000,606.0000000,612.0000000,235180
MFON,D,20170116,000000,611.7000000,614.4000000,608.1000000,612.8000000,169890
MFON,D,20170117,000000,610.7000000,613.7000000,603.8000000,611.6000000,109730
MFON,D,20170118,000000,611.5000000,614.0000000,608.3000000,611.0000000,59180
MFON,D,20170119,000000,611.4000000,628.2000000,611.4000000,626.1000000,274270
MFON,D,20170120,000000,635.8000000,646.0000000,632.2000000,641.1000000,466550
MFON,D,20170123,000000,643.0000000,646.2000000,625.0000000,627.5000000,402790
MFON,D,20170124,000000,626.7000000,634.1000000,626.5000000,631.5000000,111560
MFON,D,20170125,000000,632.1000000,640.0000000,620.0000000,621.0000000,276590
MFON,D,20170126,000000,621.0000000,641.9000000,620.9000000,634.4000000,263380
MFON,D,20170127,000000,635.1000000,642.6000000,632.4000000,638.9000000,127900
MFON,D,20170130,000000,638.2000000,643.0000000,633.2000000,638.4000000,149460
MFON,D,20170131,000000,638.0000000,638.8000000,631.6000000,632.8000000,94640
MFON,D,20170201,000000,633.1000000,639.0000000,632.8000000,634.7000000,76550
MFON,D,20170202,000000,634.4000000,638.0000000,624.0000000,624.5000000,166410
MFON,D,20170203,000000,624.5000000,630.2000000,624.0000000,625.9000000,92190
MFON,D,20170206,000000,627.0000000,633.0000000,621.8000000,630.9000000,171580
MFON,D,20170207,000000,633.7000000,642.4000000,631.2000000,640.0000000,343320
MFON,D,20170208,000000,639.0000000,644.2000000,635.0000000,636.0000000,163840
MFON,D,20170209,000000,638.8000000,639.4000000,628.0000000,635.0000000,137860
MFON,D,20170210,000000,636.4000000,638.8000000,633.5000000,635.6000000,82810
MFON,D,20170213,000000,637.4000000,640.0000000,630.1000000,632.9000000,93990
MFON,D,20170214,000000,633.8000000,635.2000000,619.0000000,631.4000000,194250
MFON,D,20170215,000000,630.8000000,641.3000000,623.1000000,640.0000000,239630
MFON,D,20170216,000000,640.0000000,642.9000000,635.0000000,635.5000000,119340
MFON,D,20170217,000000,635.3000000,639.5000000,630.0000000,633.5000000,101970
MFON,D,20170220,000000,636.5000000,637.0000000,625.8000000,636.0000000,272810
MFON,D,20170221,000000,634.1000000,639.0000000,632.6000000,635.1000000,108580
MFON,D,20170222,000000,634.2000000,648.9000000,632.5000000,645.6000000,403620
MFON,D,20170224,000000,646.2000000,675.0000000,646.2000000,673.5000000,533320
MFON,D,20170227,000000,674.0000000,676.9000000,655.1000000,660.5000000,434200
MFON,D,20170228,000000,659.0000000,660.1000000,635.5000000,650.5000000,390350
MFON,D,20170301,000000,650.6000000,674.0000000,648.2000000,673.4000000,487080
MFON,D,20170302,000000,671.1000000,674.3000000,658.0000000,658.1000000,223250
MFON,D,20170303,000000,656.2000000,659.9000000,650.0000000,659.9000000,154460
MFON,D,20170306,000000,659.0000000,669.9000000,647.5000000,652.8000000,336110
MFON,D,20170307,000000,652.1000000,659.1000000,624.0000000,628.7000000,296100
MFON,D,20170309,000000,624.2000000,634.5000000,612.2000000,613.6000000,304240
MFON,D,20170310,000000,612.6000000,615.6000000,602.0000000,602.0000000,207690
MFON,D,20170313,000000,605.9000000,622.6000000,595.0000000,616.3000000,193620
MFON,D,20170314,000000,620.0000000,621.8000000,610.0000000,617.5000000,324320
MFON,D,20170315,000000,617.5000000,621.7000000,608.0000000,610.7000000,116600
MFON,D,20170316,000000,616.0000000,618.0000000,591.5000000,599.0000000,275990
MFON,D,20170317,000000,599.9000000,621.4000000,596.0000000,612.7000000,358500
MFON,D,20170320,000000,617.3000000,623.7000000,611.2000000,613.1000000,338950
MFON,D,20170321,000000,613.6000000,624.3000000,613.1000000,615.4000000,175010
MFON,D,20170322,000000,615.0000000,625.5000000,610.3000000,625.4000000,111550
MFON,D,20170323,000000,626.2000000,634.3000000,615.0000000,618.8000000,119880
MFON,D,20170324,000000,617.6000000,619.4000000,609.0000000,615.0000000,83850
MFON,D,20170327,000000,612.6000000,613.0000000,599.9000000,608.4000000,104850
MFON,D,20170328,000000,608.5000000,620.3000000,608.5000000,619.9000000,143010
MFON,D,20170329,000000,619.9000000,628.8000000,617.0000000,627.0000000,226860
MFON,D,20170330,000000,625.5000000,630.7000000,617.9000000,630.5000000,213230
MFON,D,20170331,000000,627.0000000,642.9000000,625.2000000,639.0000000,271540
MFON,D,20170403,000000,637.5000000,642.0000000,636.0000000,640.6000000,123150
MFON,D,20170404,000000,641.0000000,642.0000000,635.6000000,638.7000000,388580
MFON,D,20170405,000000,638.2000000,645.0000000,632.4000000,636.2000000,390920
MFON,D,20170406,000000,638.4000000,643.7000000,636.3000000,640.2000000,270990
MFON,D,20170407,000000,640.2000000,642.4000000,625.5000000,632.7000000,179860
MFON,D,20170410,000000,630.0000000,630.0000000,613.3000000,614.2000000,134530
MFON,D,20170411,000000,614.4000000,618.8000000,610.2000000,612.5000000,65010
MFON,D,20170412,000000,613.7000000,620.8000000,603.2000000,603.4000000,140630
MFON,D,20170413,000000,606.5000000,606.9000000,589.0000000,593.7000000,225740
MFON,D,20170414,000000,593.7000000,601.3000000,590.8000000,592.1000000,53580
MFON,D,20170417,000000,594.0000000,598.4000000,591.6000000,598.4000000,69760
MFON,D,20170418,000000,599.5000000,606.3000000,585.3000000,594.3000000,420370
MFON,D,20170419,000000,594.3000000,598.1000000,580.7000000,583.6000000,227360
MFON,D,20170420,000000,580.2000000,581.0000000,568.1000000,576.0000000,288940
MFON,D,20170421,000000,578.8000000,587.9000000,577.0000000,583.4000000,113370
MFON,D,20170424,000000,585.4000000,597.0000000,585.3000000,596.9000000,177460
MFON,D,20170425,000000,597.0000000,603.1000000,593.0000000,600.6000000,161960
MFON,D,20170426,000000,603.9000000,606.1000000,599.5000000,606.0000000,182880
MFON,D,20170427,000000,604.0000000,604.0000000,593.0000000,596.1000000,158030
MFON,D,20170428,000000,596.7000000,606.1000000,595.9000000,598.8000000,131580
MFON,D,20170502,000000,599.2000000,615.0000000,598.6000000,610.0000000,206540
MFON,D,20170503,000000,610.0000000,616.0000000,595.4000000,603.1000000,366160
MFON,D,20170504,000000,603.0000000,612.8000000,598.9000000,600.0000000,325410
MFON,D,20170505,000000,598.3000000,602.0000000,592.3000000,597.3000000,144700
MFON,D,20170510,000000,600.1000000,603.8000000,598.0000000,603.5000000,97290
MFON,D,20170511,000000,602.9000000,604.0000000,597.0000000,600.0000000,131130
MFON,D,20170512,000000,602.8000000,603.2000000,595.2000000,597.8000000,85380
MFON,D,20170515,000000,599.5000000,604.0000000,596.4000000,600.6000000,171150
MFON,D,20170516,000000,600.8000000,612.0000000,597.9000000,599.3000000,422390
MFON,D,20170517,000000,603.7000000,608.9000000,600.4000000,602.7000000,125470
MFON,D,20170518,000000,604.5000000,607.9000000,599.4000000,600.5000000,144400
MFON,D,20170519,000000,600.3000000,606.6000000,600.0000000,604.6000000,141240
MFON,D,20170522,000000,602.1000000,604.6000000,598.0000000,601.8000000,118680
MFON,D,20170523,000000,602.5000000,609.0000000,602.0000000,609.0000000,116540
MFON,D,20170524,000000,609.7000000,610.4000000,600.0000000,608.1000000,202510
MFON,D,20170525,000000,612.1000000,626.3000000,600.3000000,605.0000000,424930
MFON,D,20170526,000000,602.9000000,604.9000000,592.9000000,601.0000000,278480
MFON,D,20170529,000000,600.2000000,603.1000000,595.1000000,595.5000000,33410
MFON,D,20170530,000000,594.0000000,602.0000000,593.0000000,599.5000000,271800
MFON,D,20170531,000000,600.5000000,602.3000000,593.2000000,597.0000000,294230
MFON,D,20170601,000000,597.1000000,597.2000000,589.1000000,589.1000000,167670
MFON,D,20170602,000000,588.9000000,590.6000000,579.6000000,589.3000000,203490
MFON,D,20170605,000000,589.5000000,591.5000000,582.0000000,585.0000000,70690
MFON,D,20170606,000000,586.0000000,588.6000000,583.6000000,584.4000000,44470
MFON,D,20170607,000000,585.2000000,589.8000000,582.1000000,582.1000000,89580
MFON,D,20170608,000000,582.6000000,586.2000000,580.5000000,585.8000000,61330
MFON,D,20170609,000000,585.8000000,590.0000000,582.6000000,585.4000000,36420
MFON,D,20170613,000000,588.8000000,598.9000000,581.8000000,587.2000000,277360
MFON,D,20170614,000000,583.2000000,584.7000000,551.2000000,551.2000000,764400
MFON,D,20170615,000000,550.2000000,558.1000000,542.6000000,557.1000000,700270
MFON,D,20170616,000000,556.9000000,560.3000000,537.0000000,537.0000000,333010
MFON,D,20170619,000000,540.1000000,552.0000000,539.3000000,550.2000000,157720
MFON,D,20170620,000000,547.9000000,550.7000000,538.8000000,541.5000000,274940
MFON,D,20170621,000000,538.2000000,545.0000000,532.0000000,538.5000000,300280
MFON,D,20170622,000000,537.8000000,543.0000000,532.0000000,540.8000000,97130
MFON,D,20170623,000000,540.0000000,546.7000000,539.0000000,542.4000000,96510
